Running stages ['wps'] for simulation <begin=datetime.datetime(2020, 10, 1, 0, 0) end=datetime.datetime(2020, 10, 6, 0, 0) warmup_h=12 settings={'physics__bl_mynn_closure': '2.5', 'physics__bl_mynn_edmf': '0', 'physics__bl_mynn_edmf_mom': '0', 'physics__bl_mynn_edmf_tke': '0', 'physics__bl_mynn_mixlength': '1', 'physics__bl_pbl_physics': '5', 'physics__sf_sfclay_physics': '5', 'physics__sf_urban_physics': '0'} sim_dir=PosixPath('sim_2020-10-01') area=BBox(north=32.0, west=-20.5, south=24.0, east=-11.0)> from 'sim_2020-10-01'...
2026-07-16 16:07:28,460 INFO:wrf_massive.wrf_massive.base:Processing simulation 2020-10-01 00:00:00 -> 2020-10-06 00:00:00 (warmup: 12h)
2026-07-16 16:07:28,461 INFO:wrf_massive.wrf_massive.base:Entering stage #1/1: wps
2026-07-16 16:07:28,461 INFO:wrf_massive.wrf_massive.base:Setting up 'wps'...
2026-07-16 16:07:28,462 INFO:wrf_massive.stages.wps:-> namelist.wps.CERRA rendered.
2026-07-16 16:07:28,463 INFO:wrf_massive.stages.wps:-> namelist.wps.ERA5 rendered.
2026-07-16 16:07:28,463 INFO:wrf_massive.stages.wps:-> Vtable.CERRA copied.
2026-07-16 16:07:28,463 INFO:wrf_massive.stages.wps:-> setup_wps.sh copied.
2026-07-16 16:07:28,463 INFO:wrf_massive.stages.wps:-> run_wps.sh copied.
2026-07-16 16:07:28,463 INFO:wrf_massive.stages.wps:-> .gitignore copied.
sending incremental file list
README
clean
compile
configure
configure.wps
configure.wps.backup
geogrid.exe -> geogrid/src/geogrid.exe
geogrid.log
link_grib.csh
metgrid.exe -> metgrid/src/metgrid.exe
namelist.wps.all_options
namelist.wps.fire
namelist.wps.global
ungrib.exe -> ungrib/src/ungrib.exe
arch/
arch/Config.pl
arch/configure.defaults
arch/fixlinks
arch/postamble
arch/preamble
arch/sourceme_windows.bash
arch/sourceme_windows.csh
arch/zaplinks
external/
external/.gitignore
external/Makefile
external/jasper-1.900.29/
external/jasper-1.900.29/COPYRIGHT
external/jasper-1.900.29/ChangeLog
external/jasper-1.900.29/INSTALL
external/jasper-1.900.29/LICENSE
external/jasper-1.900.29/Makefile.am
external/jasper-1.900.29/Makefile.in
external/jasper-1.900.29/NEWS
external/jasper-1.900.29/README
external/jasper-1.900.29/aclocal.m4
external/jasper-1.900.29/configure
external/jasper-1.900.29/configure.ac
external/jasper-1.900.29/jasper.spec.in
external/jasper-1.900.29/ac_aux/
external/jasper-1.900.29/ac_aux/compile
external/jasper-1.900.29/ac_aux/config.guess
external/jasper-1.900.29/ac_aux/config.sub
external/jasper-1.900.29/ac_aux/depcomp
external/jasper-1.900.29/ac_aux/install-sh
external/jasper-1.900.29/ac_aux/ltmain.sh
external/jasper-1.900.29/ac_aux/missing
external/jasper-1.900.29/ac_aux/test-driver
external/jasper-1.900.29/ac_m4/
external/jasper-1.900.29/ac_m4/libtool.m4
external/jasper-1.900.29/ac_m4/ltoptions.m4
external/jasper-1.900.29/ac_m4/ltsugar.m4
external/jasper-1.900.29/ac_m4/ltversion.m4
external/jasper-1.900.29/ac_m4/lt~obsolete.m4
external/jasper-1.900.29/ac_m4/m4_ax_append_flag.m4
external/jasper-1.900.29/ac_m4/m4_ax_cflags_gcc_option.m4
external/jasper-1.900.29/ac_m4/m4_ax_check_compile_flag.m4
external/jasper-1.900.29/ac_m4/m4_ax_generate_changelog.m4
external/jasper-1.900.29/data/
external/jasper-1.900.29/data/colorprofiles/
external/jasper-1.900.29/data/colorprofiles/README
external/jasper-1.900.29/data/colorprofiles/erimm.icm
external/jasper-1.900.29/data/colorprofiles/esrgb.icm
external/jasper-1.900.29/data/colorprofiles/esrgbgrey.icm
external/jasper-1.900.29/data/colorprofiles/grey.icm
external/jasper-1.900.29/data/colorprofiles/greyromm.icm
external/jasper-1.900.29/data/colorprofiles/romm.icm
external/jasper-1.900.29/data/colorprofiles/sgray.icm
external/jasper-1.900.29/data/colorprofiles/srgb.icm
external/jasper-1.900.29/data/colorprofiles/sycc.icm
external/jasper-1.900.29/data/images/
external/jasper-1.900.29/data/images/README
external/jasper-1.900.29/data/images/example.mif
external/jasper-1.900.29/data/images/example.mif0
external/jasper-1.900.29/data/images/feep.pnm
external/jasper-1.900.29/data/images/feep2.pnm
external/jasper-1.900.29/data/images/goldenears.bmp
external/jasper-1.900.29/data/images/goldenears.jpg
external/jasper-1.900.29/data/images/goldenears.pnm
external/jasper-1.900.29/data/images/goldenears.ras
external/jasper-1.900.29/data/images/goldenears_gray.jpg
external/jasper-1.900.29/data/images/goldenears_gray.pnm
external/jasper-1.900.29/data/images/goldenears_gray.ras
external/jasper-1.900.29/data/images/signed_12.pgx
external/jasper-1.900.29/data/images/signed_16.pgx
external/jasper-1.900.29/data/images/signed_8.pgx
external/jasper-1.900.29/data/images/small_16x1.pnm
external/jasper-1.900.29/data/images/small_1x1.pnm
external/jasper-1.900.29/data/images/stawamuschief.pnm
external/jasper-1.900.29/data/images/stawamuschief_gray.pnm
external/jasper-1.900.29/data/images/test.pnm
external/jasper-1.900.29/data/test/
external/jasper-1.900.29/data/test/bad/
external/jasper-1.900.29/data/test/bad/00003-jasper-assert-jas_matrix_t.jp2
external/jasper-1.900.29/data/test/bad/00005-jasper-assert-ras_getcmap.ras
external/jasper-1.900.29/data/test/bad/00006-jasper-assert-jpc_irct.jpc
external/jasper-1.900.29/data/test/bad/00007-jasper-assert-jas_matrix_t.jpc
external/jasper-1.900.29/data/test/bad/00008-jasper-assert-jpc_iict.jp2
external/jasper-1.900.29/data/test/bad/00009-jasper-assert-jpc_iict.jp2
external/jasper-1.900.29/data/test/bad/00012-jasper-assert-calcstepsizes.jp2
external/jasper-1.900.29/data/test/bad/00013-jasper-assert-jpc_pi_nextrpcl.jpc
external/jasper-1.900.29/data/test/bad/00014-jasper-assert-jpc_bitstream_getbits.jpc
external/jasper-1.900.29/data/test/bad/00016-jasper-assert-jas_matrix_t.jp2
external/jasper-1.900.29/data/test/bad/00020-jasper-signedintoverflow-jas_image_c.jpc
external/jasper-1.900.29/data/test/bad/00028-jasper-uaf-jas_realloc.jpg
external/jasper-1.900.29/data/test/bad/00029-jasper-uninitvalue-jpc_pi_nextcprl.jp2
external/jasper-1.900.29/data/test/bad/00043-jasper-assert-jas_matrix_t.jpc
external/jasper-1.900.29/data/test/bad/10_crash.bmp
external/jasper-1.900.29/data/test/bad/11_crash.jpc
external/jasper-1.900.29/data/test/bad/12_crash.jpc
external/jasper-1.900.29/data/test/bad/132_crashes.jp2
external/jasper-1.900.29/data/test/bad/1_crash.jpg
external/jasper-1.900.29/data/test/bad/2_crashes.bmp
external/jasper-1.900.29/data/test/bad/5_crashes.bmp
external/jasper-1.900.29/data/test/bad/642_crashes.jpc
external/jasper-1.900.29/data/test/bad/681_crashes.jp2
external/jasper-1.900.29/data/test/bad/8_crashes.jp2
external/jasper-1.900.29/data/test/bad/9_crash.bmp
external/jasper-1.900.29/data/test/bad/README
external/jasper-1.900.29/data/test/bad/invalid_free.jp2
external/jasper-1.900.29/data/test/bad/invalid_munmap.jp2
external/jasper-1.900.29/data/test/bad/jasper-abort-new.mif
external/jasper-1.900.29/data/test/bad/jasper-abort.mif
external/jasper-1.900.29/data/test/bad/jasper-assert-jpc_dec_tiledecode.jp2
external/jasper-1.900.29/data/test/bad/jasper-doublefree-mem_close.jpg
external/jasper-1.900.29/data/test/bad/jasper-heapoverflow-jpc_dec_cp_setfromcox.jp2
external/jasper-1.900.29/data/test/bad/jasper-heapoverflow-jpc_getuint16.jp2
external/jasper-1.900.29/data/test/bad/nullptr.mif
external/jasper-1.900.29/data/test/bad/poc.jp2
external/jasper-1.900.29/data/test/bad/poc_2.jp2
external/jasper-1.900.29/data/test/bad/sigsegv.jp2
external/jasper-1.900.29/data/test/bad/vertcraig-heap-buffer-overflow-in-jpc_pi_nextrpcl.jp2
external/jasper-1.900.29/data/test/good/
external/jasper-1.900.29/data/test/good/00021-jasper-uninitvalue-jpg_mkimage.jpg
external/jasper-1.900.29/data/test/good/README
external/jasper-1.900.29/data/test/good/assert-pnm_getsint.mif
external/jasper-1.900.29/data/test/good/jasper-nullptr-jpc_pi_destroy.jp2
external/jasper-1.900.29/data/test/good/jasper-segfault-nullpointer.mif
external/jasper-1.900.29/data/test/good/small_1x1.jpg
external/jasper-1.900.29/doc/
external/jasper-1.900.29/doc/README
external/jasper-1.900.29/doc/jasper.pdf
external/jasper-1.900.29/doc/jpeg2000.pdf
external/jasper-1.900.29/pkgconfig/
external/jasper-1.900.29/pkgconfig/Makefile.am
external/jasper-1.900.29/pkgconfig/Makefile.in
external/jasper-1.900.29/pkgconfig/jasper.pc.in
external/jasper-1.900.29/src/
external/jasper-1.900.29/src/Makefile.am
external/jasper-1.900.29/src/Makefile.in
external/jasper-1.900.29/src/README
external/jasper-1.900.29/src/appl/
external/jasper-1.900.29/src/appl/Makefile.am
external/jasper-1.900.29/src/appl/Makefile.in
external/jasper-1.900.29/src/appl/dummy.c
external/jasper-1.900.29/src/appl/dummy2.c
external/jasper-1.900.29/src/appl/imgcmp.1
external/jasper-1.900.29/src/appl/imgcmp.c
external/jasper-1.900.29/src/appl/imginfo.1
external/jasper-1.900.29/src/appl/imginfo.c
external/jasper-1.900.29/src/appl/jasper.1
external/jasper-1.900.29/src/appl/jasper.c
external/jasper-1.900.29/src/appl/jiv.1
external/jasper-1.900.29/src/appl/jiv.c
external/jasper-1.900.29/src/appl/tmrdemo.c
external/jasper-1.900.29/src/libjasper/
external/jasper-1.900.29/src/libjasper/Makefile.am
external/jasper-1.900.29/src/libjasper/Makefile.in
external/jasper-1.900.29/src/libjasper/README
external/jasper-1.900.29/src/libjasper/dummy.c
external/jasper-1.900.29/src/libjasper/base/
external/jasper-1.900.29/src/libjasper/base/Makefile.am
external/jasper-1.900.29/src/libjasper/base/Makefile.in
external/jasper-1.900.29/src/libjasper/base/jas_cm.c
external/jasper-1.900.29/src/libjasper/base/jas_debug.c
external/jasper-1.900.29/src/libjasper/base/jas_getopt.c
external/jasper-1.900.29/src/libjasper/base/jas_icc.c
external/jasper-1.900.29/src/libjasper/base/jas_iccdata.c
external/jasper-1.900.29/src/libjasper/base/jas_image.c
external/jasper-1.900.29/src/libjasper/base/jas_init.c
external/jasper-1.900.29/src/libjasper/base/jas_malloc.c
external/jasper-1.900.29/src/libjasper/base/jas_seq.c
external/jasper-1.900.29/src/libjasper/base/jas_stream.c
external/jasper-1.900.29/src/libjasper/base/jas_string.c
external/jasper-1.900.29/src/libjasper/base/jas_tmr.c
external/jasper-1.900.29/src/libjasper/base/jas_tvp.c
external/jasper-1.900.29/src/libjasper/base/jas_version.c
external/jasper-1.900.29/src/libjasper/bmp/
external/jasper-1.900.29/src/libjasper/bmp/Makefile.am
external/jasper-1.900.29/src/libjasper/bmp/Makefile.in
external/jasper-1.900.29/src/libjasper/bmp/bmp_cod.c
external/jasper-1.900.29/src/libjasper/bmp/bmp_cod.h
external/jasper-1.900.29/src/libjasper/bmp/bmp_dec.c
external/jasper-1.900.29/src/libjasper/bmp/bmp_enc.c
external/jasper-1.900.29/src/libjasper/bmp/bmp_enc.h
external/jasper-1.900.29/src/libjasper/include/
external/jasper-1.900.29/src/libjasper/include/Makefile.am
external/jasper-1.900.29/src/libjasper/include/Makefile.in
external/jasper-1.900.29/src/libjasper/include/jasper/
external/jasper-1.900.29/src/libjasper/include/jasper/Makefile.am
external/jasper-1.900.29/src/libjasper/include/jasper/Makefile.in
external/jasper-1.900.29/src/libjasper/include/jasper/jas_cm.h
external/jasper-1.900.29/src/libjasper/include/jasper/jas_config.h.in
external/jasper-1.900.29/src/libjasper/include/jasper/jas_debug.h
external/jasper-1.900.29/src/libjasper/include/jasper/jas_fix.h
external/jasper-1.900.29/src/libjasper/include/jasper/jas_getopt.h
external/jasper-1.900.29/src/libjasper/include/jasper/jas_icc.h
external/jasper-1.900.29/src/libjasper/include/jasper/jas_image.h
external/jasper-1.900.29/src/libjasper/include/jasper/jas_init.h
external/jasper-1.900.29/src/libjasper/include/jasper/jas_malloc.h
external/jasper-1.900.29/src/libjasper/include/jasper/jas_math.h
external/jasper-1.900.29/src/libjasper/include/jasper/jas_pconf.h.in
external/jasper-1.900.29/src/libjasper/include/jasper/jas_seq.h
external/jasper-1.900.29/src/libjasper/include/jasper/jas_stream.h
external/jasper-1.900.29/src/libjasper/include/jasper/jas_string.h
external/jasper-1.900.29/src/libjasper/include/jasper/jas_tmr.h
external/jasper-1.900.29/src/libjasper/include/jasper/jas_tvp.h
external/jasper-1.900.29/src/libjasper/include/jasper/jas_types.h
external/jasper-1.900.29/src/libjasper/include/jasper/jas_version.h
external/jasper-1.900.29/src/libjasper/include/jasper/jasper.h
external/jasper-1.900.29/src/libjasper/jp2/
external/jasper-1.900.29/src/libjasper/jp2/Makefile.am
external/jasper-1.900.29/src/libjasper/jp2/Makefile.in
external/jasper-1.900.29/src/libjasper/jp2/jp2_cod.c
external/jasper-1.900.29/src/libjasper/jp2/jp2_cod.h
external/jasper-1.900.29/src/libjasper/jp2/jp2_dec.c
external/jasper-1.900.29/src/libjasper/jp2/jp2_dec.h
external/jasper-1.900.29/src/libjasper/jp2/jp2_enc.c
external/jasper-1.900.29/src/libjasper/jpc/
external/jasper-1.900.29/src/libjasper/jpc/Makefile.am
external/jasper-1.900.29/src/libjasper/jpc/Makefile.in
external/jasper-1.900.29/src/libjasper/jpc/jpc_bs.c
external/jasper-1.900.29/src/libjasper/jpc/jpc_bs.h
external/jasper-1.900.29/src/libjasper/jpc/jpc_cod.h
external/jasper-1.900.29/src/libjasper/jpc/jpc_cs.c
external/jasper-1.900.29/src/libjasper/jpc/jpc_cs.h
external/jasper-1.900.29/src/libjasper/jpc/jpc_dec.c
external/jasper-1.900.29/src/libjasper/jpc/jpc_dec.h
external/jasper-1.900.29/src/libjasper/jpc/jpc_enc.c
external/jasper-1.900.29/src/libjasper/jpc/jpc_enc.h
external/jasper-1.900.29/src/libjasper/jpc/jpc_fix.h
external/jasper-1.900.29/src/libjasper/jpc/jpc_flt.h
external/jasper-1.900.29/src/libjasper/jpc/jpc_math.c
external/jasper-1.900.29/src/libjasper/jpc/jpc_math.h
external/jasper-1.900.29/src/libjasper/jpc/jpc_mct.c
external/jasper-1.900.29/src/libjasper/jpc/jpc_mct.h
external/jasper-1.900.29/src/libjasper/jpc/jpc_mqcod.c
external/jasper-1.900.29/src/libjasper/jpc/jpc_mqcod.h
external/jasper-1.900.29/src/libjasper/jpc/jpc_mqdec.c
external/jasper-1.900.29/src/libjasper/jpc/jpc_mqdec.h
external/jasper-1.900.29/src/libjasper/jpc/jpc_mqenc.c
external/jasper-1.900.29/src/libjasper/jpc/jpc_mqenc.h
external/jasper-1.900.29/src/libjasper/jpc/jpc_qmfb.c
external/jasper-1.900.29/src/libjasper/jpc/jpc_qmfb.h
external/jasper-1.900.29/src/libjasper/jpc/jpc_t1cod.c
external/jasper-1.900.29/src/libjasper/jpc/jpc_t1cod.h
external/jasper-1.900.29/src/libjasper/jpc/jpc_t1dec.c
external/jasper-1.900.29/src/libjasper/jpc/jpc_t1dec.h
external/jasper-1.900.29/src/libjasper/jpc/jpc_t1enc.c
external/jasper-1.900.29/src/libjasper/jpc/jpc_t1enc.h
external/jasper-1.900.29/src/libjasper/jpc/jpc_t2cod.c
external/jasper-1.900.29/src/libjasper/jpc/jpc_t2cod.h
external/jasper-1.900.29/src/libjasper/jpc/jpc_t2dec.c
external/jasper-1.900.29/src/libjasper/jpc/jpc_t2dec.h
external/jasper-1.900.29/src/libjasper/jpc/jpc_t2enc.c
external/jasper-1.900.29/src/libjasper/jpc/jpc_t2enc.h
external/jasper-1.900.29/src/libjasper/jpc/jpc_tagtree.c
external/jasper-1.900.29/src/libjasper/jpc/jpc_tagtree.h
external/jasper-1.900.29/src/libjasper/jpc/jpc_tsfb.c
external/jasper-1.900.29/src/libjasper/jpc/jpc_tsfb.h
external/jasper-1.900.29/src/libjasper/jpc/jpc_util.c
external/jasper-1.900.29/src/libjasper/jpc/jpc_util.h
external/jasper-1.900.29/src/libjasper/jpg/
external/jasper-1.900.29/src/libjasper/jpg/Makefile.am
external/jasper-1.900.29/src/libjasper/jpg/Makefile.in
external/jasper-1.900.29/src/libjasper/jpg/README
external/jasper-1.900.29/src/libjasper/jpg/jpg_cod.h
external/jasper-1.900.29/src/libjasper/jpg/jpg_dec.c
external/jasper-1.900.29/src/libjasper/jpg/jpg_dummy.c
external/jasper-1.900.29/src/libjasper/jpg/jpg_enc.c
external/jasper-1.900.29/src/libjasper/jpg/jpg_enc.h
external/jasper-1.900.29/src/libjasper/jpg/jpg_jpeglib.h
external/jasper-1.900.29/src/libjasper/jpg/jpg_val.c
external/jasper-1.900.29/src/libjasper/mif/
external/jasper-1.900.29/src/libjasper/mif/Makefile.am
external/jasper-1.900.29/src/libjasper/mif/Makefile.in
external/jasper-1.900.29/src/libjasper/mif/README
external/jasper-1.900.29/src/libjasper/mif/mif_cod.c
external/jasper-1.900.29/src/libjasper/mif/mif_cod.h
external/jasper-1.900.29/src/libjasper/pgx/
external/jasper-1.900.29/src/libjasper/pgx/Makefile.am
external/jasper-1.900.29/src/libjasper/pgx/Makefile.in
external/jasper-1.900.29/src/libjasper/pgx/pgx_cod.c
external/jasper-1.900.29/src/libjasper/pgx/pgx_cod.h
external/jasper-1.900.29/src/libjasper/pgx/pgx_dec.c
external/jasper-1.900.29/src/libjasper/pgx/pgx_enc.c
external/jasper-1.900.29/src/libjasper/pgx/pgx_enc.h
external/jasper-1.900.29/src/libjasper/pnm/
external/jasper-1.900.29/src/libjasper/pnm/Makefile.am
external/jasper-1.900.29/src/libjasper/pnm/Makefile.in
external/jasper-1.900.29/src/libjasper/pnm/pnm_cod.c
external/jasper-1.900.29/src/libjasper/pnm/pnm_cod.h
external/jasper-1.900.29/src/libjasper/pnm/pnm_dec.c
external/jasper-1.900.29/src/libjasper/pnm/pnm_enc.c
external/jasper-1.900.29/src/libjasper/pnm/pnm_enc.h
external/jasper-1.900.29/src/libjasper/ras/
external/jasper-1.900.29/src/libjasper/ras/Makefile.am
external/jasper-1.900.29/src/libjasper/ras/Makefile.in
external/jasper-1.900.29/src/libjasper/ras/ras_cod.c
external/jasper-1.900.29/src/libjasper/ras/ras_cod.h
external/jasper-1.900.29/src/libjasper/ras/ras_dec.c
external/jasper-1.900.29/src/libjasper/ras/ras_enc.c
external/jasper-1.900.29/src/libjasper/ras/ras_enc.h
external/jasper-1.900.29/src/msvc/
external/jasper-1.900.29/src/msvc/Makefile.am
external/jasper-1.900.29/src/msvc/Makefile.in
external/jasper-1.900.29/src/msvc/README
external/jasper-1.900.29/src/msvc/imgcmp.dsp
external/jasper-1.900.29/src/msvc/imgcmp.vcxproj
external/jasper-1.900.29/src/msvc/imginfo.dsp
external/jasper-1.900.29/src/msvc/imginfo.vcxproj
external/jasper-1.900.29/src/msvc/jasper.dsp
external/jasper-1.900.29/src/msvc/jasper.dsw
external/jasper-1.900.29/src/msvc/jasper.sln
external/jasper-1.900.29/src/msvc/jasper.vcxproj
external/jasper-1.900.29/src/msvc/jiv.dsp
external/jasper-1.900.29/src/msvc/jiv.vcxproj
external/jasper-1.900.29/src/msvc/libjasper.dsp
external/jasper-1.900.29/src/msvc/libjasper.vcxproj
external/jasper-1.900.29/test/
external/jasper-1.900.29/test/Makefile.am
external/jasper-1.900.29/test/Makefile.in
external/jasper-1.900.29/test/bin/
external/jasper-1.900.29/test/bin/Makefile.am
external/jasper-1.900.29/test/bin/Makefile.in
external/jasper-1.900.29/test/bin/codec_tests
external/jasper-1.900.29/test/bin/decoder_tests
external/jasper-1.900.29/test/bin/jpcod
external/jasper-1.900.29/test/bin/jpdec
external/jasper-1.900.29/test/bin/jpenc
external/jasper-1.900.29/test/bin/run_codec_test
external/jasper-1.900.29/test/bin/run_test_1
external/jasper-1.900.29/test/bin/run_test_2
external/jasper-1.900.29/test/bin/run_test_3
external/jasper-1.900.29/test/bin/run_test_4
external/jasper-1.900.29/test/bin/utilities
external/libpng-1.6.37/
external/libpng-1.6.37/ANNOUNCE
external/libpng-1.6.37/AUTHORS
external/libpng-1.6.37/CHANGES
external/libpng-1.6.37/CMakeLists.txt
external/libpng-1.6.37/INSTALL
external/libpng-1.6.37/LICENSE
external/libpng-1.6.37/Makefile.am
external/libpng-1.6.37/Makefile.in
external/libpng-1.6.37/README
external/libpng-1.6.37/TODO
external/libpng-1.6.37/TRADEMARK
external/libpng-1.6.37/aclocal.m4
external/libpng-1.6.37/autogen.sh
external/libpng-1.6.37/compile
external/libpng-1.6.37/config.guess
external/libpng-1.6.37/config.h.in
external/libpng-1.6.37/config.sub
external/libpng-1.6.37/configure
external/libpng-1.6.37/configure.ac
external/libpng-1.6.37/depcomp
external/libpng-1.6.37/example.c
external/libpng-1.6.37/install-sh
external/libpng-1.6.37/libpng-config.in
external/libpng-1.6.37/libpng-manual.txt
external/libpng-1.6.37/libpng.3
external/libpng-1.6.37/libpng.pc.in
external/libpng-1.6.37/libpngpf.3
external/libpng-1.6.37/ltmain.sh
external/libpng-1.6.37/missing
external/libpng-1.6.37/png.5
external/libpng-1.6.37/png.c
external/libpng-1.6.37/png.h
external/libpng-1.6.37/pngbar.jpg
external/libpng-1.6.37/pngbar.png
external/libpng-1.6.37/pngconf.h
external/libpng-1.6.37/pngdebug.h
external/libpng-1.6.37/pngerror.c
external/libpng-1.6.37/pngget.c
external/libpng-1.6.37/pnginfo.h
external/libpng-1.6.37/pngmem.c
external/libpng-1.6.37/pngnow.png
external/libpng-1.6.37/pngpread.c
external/libpng-1.6.37/pngpriv.h
external/libpng-1.6.37/pngread.c
external/libpng-1.6.37/pngrio.c
external/libpng-1.6.37/pngrtran.c
external/libpng-1.6.37/pngrutil.c
external/libpng-1.6.37/pngset.c
external/libpng-1.6.37/pngstruct.h
external/libpng-1.6.37/pngtest.c
external/libpng-1.6.37/pngtest.png
external/libpng-1.6.37/pngtrans.c
external/libpng-1.6.37/pngusr.dfa
external/libpng-1.6.37/pngwio.c
external/libpng-1.6.37/pngwrite.c
external/libpng-1.6.37/pngwtran.c
external/libpng-1.6.37/pngwutil.c
external/libpng-1.6.37/test-driver
external/libpng-1.6.37/arm/
external/libpng-1.6.37/arm/arm_init.c
external/libpng-1.6.37/arm/filter_neon.S
external/libpng-1.6.37/arm/filter_neon_intrinsics.c
external/libpng-1.6.37/arm/palette_neon_intrinsics.c
external/libpng-1.6.37/contrib/
external/libpng-1.6.37/contrib/README.txt
external/libpng-1.6.37/contrib/arm-neon/
external/libpng-1.6.37/contrib/arm-neon/README
external/libpng-1.6.37/contrib/arm-neon/android-ndk.c
external/libpng-1.6.37/contrib/arm-neon/linux-auxv.c
external/libpng-1.6.37/contrib/arm-neon/linux.c
external/libpng-1.6.37/contrib/conftest/
external/libpng-1.6.37/contrib/conftest/README
external/libpng-1.6.37/contrib/conftest/pngcp.dfa
external/libpng-1.6.37/contrib/conftest/read.dfa
external/libpng-1.6.37/contrib/conftest/s_read.dfa
external/libpng-1.6.37/contrib/conftest/s_write.dfa
external/libpng-1.6.37/contrib/conftest/simple.dfa
external/libpng-1.6.37/contrib/conftest/write.dfa
external/libpng-1.6.37/contrib/examples/
external/libpng-1.6.37/contrib/examples/README.txt
external/libpng-1.6.37/contrib/examples/iccfrompng.c
external/libpng-1.6.37/contrib/examples/pngpixel.c
external/libpng-1.6.37/contrib/examples/pngtopng.c
external/libpng-1.6.37/contrib/examples/simpleover.c
external/libpng-1.6.37/contrib/gregbook/
external/libpng-1.6.37/contrib/gregbook/COPYING
external/libpng-1.6.37/contrib/gregbook/LICENSE
external/libpng-1.6.37/contrib/gregbook/Makefile.mingw32
external/libpng-1.6.37/contrib/gregbook/Makefile.sgi
external/libpng-1.6.37/contrib/gregbook/Makefile.unx
external/libpng-1.6.37/contrib/gregbook/Makefile.w32
external/libpng-1.6.37/contrib/gregbook/README
external/libpng-1.6.37/contrib/gregbook/makevms.com
external/libpng-1.6.37/contrib/gregbook/readpng.c
external/libpng-1.6.37/contrib/gregbook/readpng.h
external/libpng-1.6.37/contrib/gregbook/readpng2.c
external/libpng-1.6.37/contrib/gregbook/readpng2.h
external/libpng-1.6.37/contrib/gregbook/readppm.c
external/libpng-1.6.37/contrib/gregbook/rpng-win.c
external/libpng-1.6.37/contrib/gregbook/rpng-x.c
external/libpng-1.6.37/contrib/gregbook/rpng2-win.c
external/libpng-1.6.37/contrib/gregbook/rpng2-x.c
external/libpng-1.6.37/contrib/gregbook/toucan.png
external/libpng-1.6.37/contrib/gregbook/wpng.c
external/libpng-1.6.37/contrib/gregbook/writepng.c
external/libpng-1.6.37/contrib/gregbook/writepng.h
external/libpng-1.6.37/contrib/libtests/
external/libpng-1.6.37/contrib/libtests/fakepng.c
external/libpng-1.6.37/contrib/libtests/gentests.sh
external/libpng-1.6.37/contrib/libtests/makepng.c
external/libpng-1.6.37/contrib/libtests/pngimage.c
external/libpng-1.6.37/contrib/libtests/pngstest-errors.h
external/libpng-1.6.37/contrib/libtests/pngstest.c
external/libpng-1.6.37/contrib/libtests/pngunknown.c
external/libpng-1.6.37/contrib/libtests/pngvalid.c
external/libpng-1.6.37/contrib/libtests/readpng.c
external/libpng-1.6.37/contrib/libtests/tarith.c
external/libpng-1.6.37/contrib/libtests/timepng.c
external/libpng-1.6.37/contrib/mips-msa/
external/libpng-1.6.37/contrib/mips-msa/README
external/libpng-1.6.37/contrib/mips-msa/linux.c
external/libpng-1.6.37/contrib/oss-fuzz/
external/libpng-1.6.37/contrib/oss-fuzz/Dockerfile
external/libpng-1.6.37/contrib/oss-fuzz/README.txt
external/libpng-1.6.37/contrib/oss-fuzz/build.sh
external/libpng-1.6.37/contrib/oss-fuzz/libpng_read_fuzzer.cc
external/libpng-1.6.37/contrib/oss-fuzz/libpng_read_fuzzer.options
external/libpng-1.6.37/contrib/oss-fuzz/png.dict
external/libpng-1.6.37/contrib/pngminim/
external/libpng-1.6.37/contrib/pngminim/README
external/libpng-1.6.37/contrib/pngminim/decoder/
external/libpng-1.6.37/contrib/pngminim/decoder/README
external/libpng-1.6.37/contrib/pngminim/decoder/makefile
external/libpng-1.6.37/contrib/pngminim/decoder/pngusr.dfa
external/libpng-1.6.37/contrib/pngminim/decoder/pngusr.h
external/libpng-1.6.37/contrib/pngminim/encoder/
external/libpng-1.6.37/contrib/pngminim/encoder/README
external/libpng-1.6.37/contrib/pngminim/encoder/makefile
external/libpng-1.6.37/contrib/pngminim/encoder/pngusr.dfa
external/libpng-1.6.37/contrib/pngminim/encoder/pngusr.h
external/libpng-1.6.37/contrib/pngminim/preader/
external/libpng-1.6.37/contrib/pngminim/preader/README
external/libpng-1.6.37/contrib/pngminim/preader/makefile
external/libpng-1.6.37/contrib/pngminim/preader/pngusr.dfa
external/libpng-1.6.37/contrib/pngminim/preader/pngusr.h
external/libpng-1.6.37/contrib/pngminus/
external/libpng-1.6.37/contrib/pngminus/CHANGES.txt
external/libpng-1.6.37/contrib/pngminus/CMakeLists.txt
external/libpng-1.6.37/contrib/pngminus/LICENSE.txt
external/libpng-1.6.37/contrib/pngminus/Makefile
external/libpng-1.6.37/contrib/pngminus/README.txt
external/libpng-1.6.37/contrib/pngminus/makevms.com
external/libpng-1.6.37/contrib/pngminus/png2pnm.bat
external/libpng-1.6.37/contrib/pngminus/png2pnm.c
external/libpng-1.6.37/contrib/pngminus/png2pnm.sh
external/libpng-1.6.37/contrib/pngminus/pngminus.bat
external/libpng-1.6.37/contrib/pngminus/pngminus.sh
external/libpng-1.6.37/contrib/pngminus/pnm2png.bat
external/libpng-1.6.37/contrib/pngminus/pnm2png.c
external/libpng-1.6.37/contrib/pngminus/pnm2png.sh
external/libpng-1.6.37/contrib/pngsuite/
external/libpng-1.6.37/contrib/pngsuite/README
external/libpng-1.6.37/contrib/pngsuite/bad_interlace_conversions.txt
external/libpng-1.6.37/contrib/pngsuite/basn0g01.png
external/libpng-1.6.37/contrib/pngsuite/basn0g02.png
external/libpng-1.6.37/contrib/pngsuite/basn0g04.png
external/libpng-1.6.37/contrib/pngsuite/basn0g08.png
external/libpng-1.6.37/contrib/pngsuite/basn0g16.png
external/libpng-1.6.37/contrib/pngsuite/basn2c08.png
external/libpng-1.6.37/contrib/pngsuite/basn2c16.png
external/libpng-1.6.37/contrib/pngsuite/basn3p01.png
external/libpng-1.6.37/contrib/pngsuite/basn3p02.png
external/libpng-1.6.37/contrib/pngsuite/basn3p04.png
external/libpng-1.6.37/contrib/pngsuite/basn3p08.png
external/libpng-1.6.37/contrib/pngsuite/basn4a08.png
external/libpng-1.6.37/contrib/pngsuite/basn4a16.png
external/libpng-1.6.37/contrib/pngsuite/basn6a08.png
external/libpng-1.6.37/contrib/pngsuite/basn6a16.png
external/libpng-1.6.37/contrib/pngsuite/ftbbn0g01.png
external/libpng-1.6.37/contrib/pngsuite/ftbbn0g02.png
external/libpng-1.6.37/contrib/pngsuite/ftbbn0g04.png
external/libpng-1.6.37/contrib/pngsuite/ftbbn2c16.png
external/libpng-1.6.37/contrib/pngsuite/ftbbn3p08.png
external/libpng-1.6.37/contrib/pngsuite/ftbgn2c16.png
external/libpng-1.6.37/contrib/pngsuite/ftbgn3p08.png
external/libpng-1.6.37/contrib/pngsuite/ftbrn2c08.png
external/libpng-1.6.37/contrib/pngsuite/ftbwn0g16.png
external/libpng-1.6.37/contrib/pngsuite/ftbwn3p08.png
external/libpng-1.6.37/contrib/pngsuite/ftbyn3p08.png
external/libpng-1.6.37/contrib/pngsuite/ftp0n0g08.png
external/libpng-1.6.37/contrib/pngsuite/ftp0n2c08.png
external/libpng-1.6.37/contrib/pngsuite/ftp0n3p08.png
external/libpng-1.6.37/contrib/pngsuite/ftp1n3p08.png
external/libpng-1.6.37/contrib/pngsuite/ibasn0g08.png
external/libpng-1.6.37/contrib/pngsuite/ibasn0g16.png
external/libpng-1.6.37/contrib/pngsuite/ibasn2c08.png
external/libpng-1.6.37/contrib/pngsuite/ibasn2c16.png
external/libpng-1.6.37/contrib/pngsuite/ibasn3p08.png
external/libpng-1.6.37/contrib/pngsuite/ibasn4a08.png
external/libpng-1.6.37/contrib/pngsuite/ibasn4a16.png
external/libpng-1.6.37/contrib/pngsuite/ibasn6a08.png
external/libpng-1.6.37/contrib/pngsuite/ibasn6a16.png
external/libpng-1.6.37/contrib/pngsuite/iftbbn2c16.png
external/libpng-1.6.37/contrib/pngsuite/iftbbn3p08.png
external/libpng-1.6.37/contrib/pngsuite/iftbgn2c16.png
external/libpng-1.6.37/contrib/pngsuite/iftbgn3p08.png
external/libpng-1.6.37/contrib/pngsuite/iftbrn2c08.png
external/libpng-1.6.37/contrib/pngsuite/iftbwn0g16.png
external/libpng-1.6.37/contrib/pngsuite/iftbwn3p08.png
external/libpng-1.6.37/contrib/pngsuite/iftbyn3p08.png
external/libpng-1.6.37/contrib/pngsuite/iftp0n0g08.png
external/libpng-1.6.37/contrib/pngsuite/iftp0n2c08.png
external/libpng-1.6.37/contrib/pngsuite/iftp0n3p08.png
external/libpng-1.6.37/contrib/pngsuite/iftp1n3p08.png
external/libpng-1.6.37/contrib/pngsuite/interlaced/
external/libpng-1.6.37/contrib/pngsuite/interlaced/README
external/libpng-1.6.37/contrib/pngsuite/interlaced/ibasn0g01.png
external/libpng-1.6.37/contrib/pngsuite/interlaced/ibasn0g02.png
external/libpng-1.6.37/contrib/pngsuite/interlaced/ibasn0g04.png
external/libpng-1.6.37/contrib/pngsuite/interlaced/ibasn3p01.png
external/libpng-1.6.37/contrib/pngsuite/interlaced/ibasn3p02.png
external/libpng-1.6.37/contrib/pngsuite/interlaced/ibasn3p04.png
external/libpng-1.6.37/contrib/pngsuite/interlaced/iftbbn0g01.png
external/libpng-1.6.37/contrib/pngsuite/interlaced/iftbbn0g02.png
external/libpng-1.6.37/contrib/pngsuite/interlaced/iftbbn0g04.png
external/libpng-1.6.37/contrib/powerpc-vsx/
external/libpng-1.6.37/contrib/powerpc-vsx/README
external/libpng-1.6.37/contrib/powerpc-vsx/linux.c
external/libpng-1.6.37/contrib/powerpc-vsx/linux_aux.c
external/libpng-1.6.37/contrib/testpngs/
external/libpng-1.6.37/contrib/testpngs/gray-1-1.8-tRNS.png
external/libpng-1.6.37/contrib/testpngs/gray-1-1.8.png
external/libpng-1.6.37/contrib/testpngs/gray-1-linear-tRNS.png
external/libpng-1.6.37/contrib/testpngs/gray-1-linear.png
external/libpng-1.6.37/contrib/testpngs/gray-1-sRGB-tRNS.png
external/libpng-1.6.37/contrib/testpngs/gray-1-sRGB.png
external/libpng-1.6.37/contrib/testpngs/gray-1-tRNS.png
external/libpng-1.6.37/contrib/testpngs/gray-1.png
external/libpng-1.6.37/contrib/testpngs/gray-16-1.8-tRNS.png
external/libpng-1.6.37/contrib/testpngs/gray-16-1.8.png
external/libpng-1.6.37/contrib/testpngs/gray-16-linear-tRNS.png
external/libpng-1.6.37/contrib/testpngs/gray-16-linear.png
external/libpng-1.6.37/contrib/testpngs/gray-16-sRGB-tRNS.png
external/libpng-1.6.37/contrib/testpngs/gray-16-sRGB.png
external/libpng-1.6.37/contrib/testpngs/gray-16-tRNS.png
external/libpng-1.6.37/contrib/testpngs/gray-16.png
external/libpng-1.6.37/contrib/testpngs/gray-2-1.8-tRNS.png
external/libpng-1.6.37/contrib/testpngs/gray-2-1.8.png
external/libpng-1.6.37/contrib/testpngs/gray-2-linear-tRNS.png
external/libpng-1.6.37/contrib/testpngs/gray-2-linear.png
external/libpng-1.6.37/contrib/testpngs/gray-2-sRGB-tRNS.png
external/libpng-1.6.37/contrib/testpngs/gray-2-sRGB.png
external/libpng-1.6.37/contrib/testpngs/gray-2-tRNS.png
external/libpng-1.6.37/contrib/testpngs/gray-2.png
external/libpng-1.6.37/contrib/testpngs/gray-4-1.8-tRNS.png
external/libpng-1.6.37/contrib/testpngs/gray-4-1.8.png
external/libpng-1.6.37/contrib/testpngs/gray-4-linear-tRNS.png
external/libpng-1.6.37/contrib/testpngs/gray-4-linear.png
external/libpng-1.6.37/contrib/testpngs/gray-4-sRGB-tRNS.png
external/libpng-1.6.37/contrib/testpngs/gray-4-sRGB.png
external/libpng-1.6.37/contrib/testpngs/gray-4-tRNS.png
external/libpng-1.6.37/contrib/testpngs/gray-4.png
external/libpng-1.6.37/contrib/testpngs/gray-8-1.8-tRNS.png
external/libpng-1.6.37/contrib/testpngs/gray-8-1.8.png
external/libpng-1.6.37/contrib/testpngs/gray-8-linear-tRNS.png
external/libpng-1.6.37/contrib/testpngs/gray-8-linear.png
external/libpng-1.6.37/contrib/testpngs/gray-8-sRGB-tRNS.png
external/libpng-1.6.37/contrib/testpngs/gray-8-sRGB.png
external/libpng-1.6.37/contrib/testpngs/gray-8-tRNS.png
external/libpng-1.6.37/contrib/testpngs/gray-8.png
external/libpng-1.6.37/contrib/testpngs/gray-alpha-16-1.8.png
external/libpng-1.6.37/contrib/testpngs/gray-alpha-16-linear.png
external/libpng-1.6.37/contrib/testpngs/gray-alpha-16-sRGB.png
external/libpng-1.6.37/contrib/testpngs/gray-alpha-16.png
external/libpng-1.6.37/contrib/testpngs/gray-alpha-8-1.8.png
external/libpng-1.6.37/contrib/testpngs/gray-alpha-8-linear.png
external/libpng-1.6.37/contrib/testpngs/gray-alpha-8-sRGB.png
external/libpng-1.6.37/contrib/testpngs/gray-alpha-8.png
external/libpng-1.6.37/contrib/testpngs/makepngs.sh
external/libpng-1.6.37/contrib/testpngs/palette-1-1.8-tRNS.png
external/libpng-1.6.37/contrib/testpngs/palette-1-1.8.png
external/libpng-1.6.37/contrib/testpngs/palette-1-linear-tRNS.png
external/libpng-1.6.37/contrib/testpngs/palette-1-linear.png
external/libpng-1.6.37/contrib/testpngs/palette-1-sRGB-tRNS.png
external/libpng-1.6.37/contrib/testpngs/palette-1-sRGB.png
external/libpng-1.6.37/contrib/testpngs/palette-1-tRNS.png
external/libpng-1.6.37/contrib/testpngs/palette-1.png
external/libpng-1.6.37/contrib/testpngs/palette-2-1.8-tRNS.png
external/libpng-1.6.37/contrib/testpngs/palette-2-1.8.png
external/libpng-1.6.37/contrib/testpngs/palette-2-linear-tRNS.png
external/libpng-1.6.37/contrib/testpngs/palette-2-linear.png
external/libpng-1.6.37/contrib/testpngs/palette-2-sRGB-tRNS.png
external/libpng-1.6.37/contrib/testpngs/palette-2-sRGB.png
external/libpng-1.6.37/contrib/testpngs/palette-2-tRNS.png
external/libpng-1.6.37/contrib/testpngs/palette-2.png
external/libpng-1.6.37/contrib/testpngs/palette-4-1.8-tRNS.png
external/libpng-1.6.37/contrib/testpngs/palette-4-1.8.png
external/libpng-1.6.37/contrib/testpngs/palette-4-linear-tRNS.png
external/libpng-1.6.37/contrib/testpngs/palette-4-linear.png
external/libpng-1.6.37/contrib/testpngs/palette-4-sRGB-tRNS.png
external/libpng-1.6.37/contrib/testpngs/palette-4-sRGB.png
external/libpng-1.6.37/contrib/testpngs/palette-4-tRNS.png
external/libpng-1.6.37/contrib/testpngs/palette-4.png
external/libpng-1.6.37/contrib/testpngs/palette-8-1.8-tRNS.png
external/libpng-1.6.37/contrib/testpngs/palette-8-1.8.png
external/libpng-1.6.37/contrib/testpngs/palette-8-linear-tRNS.png
external/libpng-1.6.37/contrib/testpngs/palette-8-linear.png
external/libpng-1.6.37/contrib/testpngs/palette-8-sRGB-tRNS.png
external/libpng-1.6.37/contrib/testpngs/palette-8-sRGB.png
external/libpng-1.6.37/contrib/testpngs/palette-8-tRNS.png
external/libpng-1.6.37/contrib/testpngs/palette-8.png
external/libpng-1.6.37/contrib/testpngs/rgb-16-1.8-tRNS.png
external/libpng-1.6.37/contrib/testpngs/rgb-16-1.8.png
external/libpng-1.6.37/contrib/testpngs/rgb-16-linear-tRNS.png
external/libpng-1.6.37/contrib/testpngs/rgb-16-linear.png
external/libpng-1.6.37/contrib/testpngs/rgb-16-sRGB-tRNS.png
external/libpng-1.6.37/contrib/testpngs/rgb-16-sRGB.png
external/libpng-1.6.37/contrib/testpngs/rgb-16-tRNS.png
external/libpng-1.6.37/contrib/testpngs/rgb-16.png
external/libpng-1.6.37/contrib/testpngs/rgb-8-1.8-tRNS.png
external/libpng-1.6.37/contrib/testpngs/rgb-8-1.8.png
external/libpng-1.6.37/contrib/testpngs/rgb-8-linear-tRNS.png
external/libpng-1.6.37/contrib/testpngs/rgb-8-linear.png
external/libpng-1.6.37/contrib/testpngs/rgb-8-sRGB-tRNS.png
external/libpng-1.6.37/contrib/testpngs/rgb-8-sRGB.png
external/libpng-1.6.37/contrib/testpngs/rgb-8-tRNS.png
external/libpng-1.6.37/contrib/testpngs/rgb-8.png
external/libpng-1.6.37/contrib/testpngs/rgb-alpha-16-1.8.png
external/libpng-1.6.37/contrib/testpngs/rgb-alpha-16-linear.png
external/libpng-1.6.37/contrib/testpngs/rgb-alpha-16-sRGB.png
external/libpng-1.6.37/contrib/testpngs/rgb-alpha-16.png
external/libpng-1.6.37/contrib/testpngs/rgb-alpha-8-1.8.png
external/libpng-1.6.37/contrib/testpngs/rgb-alpha-8-linear.png
external/libpng-1.6.37/contrib/testpngs/rgb-alpha-8-sRGB.png
external/libpng-1.6.37/contrib/testpngs/rgb-alpha-8.png
external/libpng-1.6.37/contrib/testpngs/crashers/
external/libpng-1.6.37/contrib/testpngs/crashers/bad_iCCP.png
external/libpng-1.6.37/contrib/testpngs/crashers/badadler.png
external/libpng-1.6.37/contrib/testpngs/crashers/badcrc.png
external/libpng-1.6.37/contrib/testpngs/crashers/empty_ancillary_chunks.png
external/libpng-1.6.37/contrib/testpngs/crashers/huge_IDAT.png
external/libpng-1.6.37/contrib/testpngs/crashers/huge_bKGD_chunk.png
external/libpng-1.6.37/contrib/testpngs/crashers/huge_cHRM_chunk.png
external/libpng-1.6.37/contrib/testpngs/crashers/huge_eXIf_chunk.png
external/libpng-1.6.37/contrib/testpngs/crashers/huge_gAMA_chunk.png
external/libpng-1.6.37/contrib/testpngs/crashers/huge_hIST_chunk.png
external/libpng-1.6.37/contrib/testpngs/crashers/huge_iCCP_chunk.png
external/libpng-1.6.37/contrib/testpngs/crashers/huge_iTXt_chunk.png
external/libpng-1.6.37/contrib/testpngs/crashers/huge_juNK_unsafe_to_copy.png
external/libpng-1.6.37/contrib/testpngs/crashers/huge_juNk_safe_to_copy.png
external/libpng-1.6.37/contrib/testpngs/crashers/huge_pCAL_chunk.png
external/libpng-1.6.37/contrib/testpngs/crashers/huge_pHYs_chunk.png
external/libpng-1.6.37/contrib/testpngs/crashers/huge_sCAL_chunk.png
external/libpng-1.6.37/contrib/testpngs/crashers/huge_sPLT_chunk.png
external/libpng-1.6.37/contrib/testpngs/crashers/huge_sRGB_chunk.png
external/libpng-1.6.37/contrib/testpngs/crashers/huge_sTER_chunk.png
external/libpng-1.6.37/contrib/testpngs/crashers/huge_tEXt_chunk.png
external/libpng-1.6.37/contrib/testpngs/crashers/huge_tIME_chunk.png
external/libpng-1.6.37/contrib/testpngs/crashers/huge_zTXt_chunk.png
external/libpng-1.6.37/contrib/tools/
external/libpng-1.6.37/contrib/tools/README.txt
external/libpng-1.6.37/contrib/tools/checksum-icc.c
external/libpng-1.6.37/contrib/tools/chkfmt
external/libpng-1.6.37/contrib/tools/cvtcolor.c
external/libpng-1.6.37/contrib/tools/genpng.c
external/libpng-1.6.37/contrib/tools/intgamma.sh
external/libpng-1.6.37/contrib/tools/makesRGB.c
external/libpng-1.6.37/contrib/tools/png-fix-itxt.c
external/libpng-1.6.37/contrib/tools/pngcp.c
external/libpng-1.6.37/contrib/tools/pngfix.c
external/libpng-1.6.37/contrib/tools/reindent
external/libpng-1.6.37/contrib/tools/sRGB.h
external/libpng-1.6.37/contrib/visupng/
external/libpng-1.6.37/contrib/visupng/PngFile.c
external/libpng-1.6.37/contrib/visupng/PngFile.h
external/libpng-1.6.37/contrib/visupng/README.txt
external/libpng-1.6.37/contrib/visupng/VisualPng.c
external/libpng-1.6.37/contrib/visupng/VisualPng.dsp
external/libpng-1.6.37/contrib/visupng/VisualPng.dsw
external/libpng-1.6.37/contrib/visupng/VisualPng.ico
external/libpng-1.6.37/contrib/visupng/VisualPng.png
external/libpng-1.6.37/contrib/visupng/VisualPng.rc
external/libpng-1.6.37/contrib/visupng/cexcept.h
external/libpng-1.6.37/contrib/visupng/resource.h
external/libpng-1.6.37/intel/
external/libpng-1.6.37/intel/filter_sse2_intrinsics.c
external/libpng-1.6.37/intel/intel_init.c
external/libpng-1.6.37/mips/
external/libpng-1.6.37/mips/filter_msa_intrinsics.c
external/libpng-1.6.37/mips/mips_init.c
external/libpng-1.6.37/powerpc/
external/libpng-1.6.37/powerpc/filter_vsx_intrinsics.c
external/libpng-1.6.37/powerpc/powerpc_init.c
external/libpng-1.6.37/projects/
external/libpng-1.6.37/projects/owatcom/
external/libpng-1.6.37/projects/owatcom/libpng.tgt
external/libpng-1.6.37/projects/owatcom/libpng.wpj
external/libpng-1.6.37/projects/owatcom/pngconfig.mak
external/libpng-1.6.37/projects/owatcom/pngstest.tgt
external/libpng-1.6.37/projects/owatcom/pngtest.tgt
external/libpng-1.6.37/projects/owatcom/pngvalid.tgt
external/libpng-1.6.37/projects/visualc71/
external/libpng-1.6.37/projects/visualc71/PRJ0041.mak
external/libpng-1.6.37/projects/visualc71/README.txt
external/libpng-1.6.37/projects/visualc71/README_zlib.txt
external/libpng-1.6.37/projects/visualc71/libpng.sln
external/libpng-1.6.37/projects/visualc71/libpng.vcproj
external/libpng-1.6.37/projects/visualc71/pngtest.vcproj
external/libpng-1.6.37/projects/visualc71/zlib.vcproj
external/libpng-1.6.37/projects/vstudio/
external/libpng-1.6.37/projects/vstudio/README.txt
external/libpng-1.6.37/projects/vstudio/vstudio.sln
external/libpng-1.6.37/projects/vstudio/zlib.props
external/libpng-1.6.37/projects/vstudio/libpng/
external/libpng-1.6.37/projects/vstudio/libpng/libpng.vcxproj
external/libpng-1.6.37/projects/vstudio/pnglibconf/
external/libpng-1.6.37/projects/vstudio/pnglibconf/pnglibconf.vcxproj
external/libpng-1.6.37/projects/vstudio/pngstest/
external/libpng-1.6.37/projects/vstudio/pngstest/pngstest.vcxproj
external/libpng-1.6.37/projects/vstudio/pngtest/
external/libpng-1.6.37/projects/vstudio/pngtest/pngtest.vcxproj
external/libpng-1.6.37/projects/vstudio/pngunknown/
external/libpng-1.6.37/projects/vstudio/pngunknown/pngunknown.vcxproj
external/libpng-1.6.37/projects/vstudio/pngvalid/
external/libpng-1.6.37/projects/vstudio/pngvalid/pngvalid.vcxproj
external/libpng-1.6.37/projects/vstudio/zlib/
external/libpng-1.6.37/projects/vstudio/zlib/zlib.vcxproj
external/libpng-1.6.37/scripts/
external/libpng-1.6.37/scripts/README.txt
external/libpng-1.6.37/scripts/SCOPTIONS.ppc
external/libpng-1.6.37/scripts/checksym.awk
external/libpng-1.6.37/scripts/descrip.mms
external/libpng-1.6.37/scripts/dfn.awk
external/libpng-1.6.37/scripts/genchk.cmake.in
external/libpng-1.6.37/scripts/genout.cmake.in
external/libpng-1.6.37/scripts/gensrc.cmake.in
external/libpng-1.6.37/scripts/intprefix.c
external/libpng-1.6.37/scripts/libpng-config-body.in
external/libpng-1.6.37/scripts/libpng-config-head.in
external/libpng-1.6.37/scripts/libpng.pc.in
external/libpng-1.6.37/scripts/libtool.m4
external/libpng-1.6.37/scripts/ltoptions.m4
external/libpng-1.6.37/scripts/ltsugar.m4
external/libpng-1.6.37/scripts/ltversion.m4
external/libpng-1.6.37/scripts/lt~obsolete.m4
external/libpng-1.6.37/scripts/macro.lst
external/libpng-1.6.37/scripts/makefile.32sunu
external/libpng-1.6.37/scripts/makefile.64sunu
external/libpng-1.6.37/scripts/makefile.acorn
external/libpng-1.6.37/scripts/makefile.aix
external/libpng-1.6.37/scripts/makefile.amiga
external/libpng-1.6.37/scripts/makefile.atari
external/libpng-1.6.37/scripts/makefile.bc32
external/libpng-1.6.37/scripts/makefile.beos
external/libpng-1.6.37/scripts/makefile.cegcc
external/libpng-1.6.37/scripts/makefile.clang
external/libpng-1.6.37/scripts/makefile.clang-asan
external/libpng-1.6.37/scripts/makefile.darwin
external/libpng-1.6.37/scripts/makefile.dec
external/libpng-1.6.37/scripts/makefile.dj2
external/libpng-1.6.37/scripts/makefile.freebsd
external/libpng-1.6.37/scripts/makefile.gcc
external/libpng-1.6.37/scripts/makefile.gcc-asan
external/libpng-1.6.37/scripts/makefile.hp64
external/libpng-1.6.37/scripts/makefile.hpgcc
external/libpng-1.6.37/scripts/makefile.hpux
external/libpng-1.6.37/scripts/makefile.ibmc
external/libpng-1.6.37/scripts/makefile.intel
external/libpng-1.6.37/scripts/makefile.linux
external/libpng-1.6.37/scripts/makefile.linux-opt
external/libpng-1.6.37/scripts/makefile.mips
external/libpng-1.6.37/scripts/makefile.msys
external/libpng-1.6.37/scripts/makefile.netbsd
external/libpng-1.6.37/scripts/makefile.openbsd
external/libpng-1.6.37/scripts/makefile.sco
external/libpng-1.6.37/scripts/makefile.sggcc
external/libpng-1.6.37/scripts/makefile.sgi
external/libpng-1.6.37/scripts/makefile.so9
external/libpng-1.6.37/scripts/makefile.solaris
external/libpng-1.6.37/scripts/makefile.std
external/libpng-1.6.37/scripts/makefile.sunos
external/libpng-1.6.37/scripts/makefile.vcwin32
external/libpng-1.6.37/scripts/makevms.com
external/libpng-1.6.37/scripts/options.awk
external/libpng-1.6.37/scripts/pnglibconf.dfa
external/libpng-1.6.37/scripts/pnglibconf.h.prebuilt
external/libpng-1.6.37/scripts/pnglibconf.mak
external/libpng-1.6.37/scripts/pngwin.rc
external/libpng-1.6.37/scripts/prefix.c
external/libpng-1.6.37/scripts/smakefile.ppc
external/libpng-1.6.37/scripts/sym.c
external/libpng-1.6.37/scripts/symbols.c
external/libpng-1.6.37/scripts/symbols.def
external/libpng-1.6.37/scripts/test.cmake.in
external/libpng-1.6.37/scripts/vers.c
external/libpng-1.6.37/tests/
external/libpng-1.6.37/tests/pngimage-full
external/libpng-1.6.37/tests/pngimage-quick
external/libpng-1.6.37/tests/pngstest
external/libpng-1.6.37/tests/pngstest-1.8
external/libpng-1.6.37/tests/pngstest-1.8-alpha
external/libpng-1.6.37/tests/pngstest-linear
external/libpng-1.6.37/tests/pngstest-linear-alpha
external/libpng-1.6.37/tests/pngstest-none
external/libpng-1.6.37/tests/pngstest-none-alpha
external/libpng-1.6.37/tests/pngstest-sRGB
external/libpng-1.6.37/tests/pngstest-sRGB-alpha
external/libpng-1.6.37/tests/pngtest
external/libpng-1.6.37/tests/pngtest-badpngs
external/libpng-1.6.37/tests/pngunknown-IDAT
external/libpng-1.6.37/tests/pngunknown-discard
external/libpng-1.6.37/tests/pngunknown-if-safe
external/libpng-1.6.37/tests/pngunknown-sAPI
external/libpng-1.6.37/tests/pngunknown-sTER
external/libpng-1.6.37/tests/pngunknown-save
external/libpng-1.6.37/tests/pngunknown-vpAg
external/libpng-1.6.37/tests/pngvalid-gamma-16-to-8
external/libpng-1.6.37/tests/pngvalid-gamma-alpha-mode
external/libpng-1.6.37/tests/pngvalid-gamma-background
external/libpng-1.6.37/tests/pngvalid-gamma-expand16-alpha-mode
external/libpng-1.6.37/tests/pngvalid-gamma-expand16-background
external/libpng-1.6.37/tests/pngvalid-gamma-expand16-transform
external/libpng-1.6.37/tests/pngvalid-gamma-sbit
external/libpng-1.6.37/tests/pngvalid-gamma-threshold
external/libpng-1.6.37/tests/pngvalid-gamma-transform
external/libpng-1.6.37/tests/pngvalid-progressive-interlace-standard
external/libpng-1.6.37/tests/pngvalid-progressive-size
external/libpng-1.6.37/tests/pngvalid-progressive-standard
external/libpng-1.6.37/tests/pngvalid-standard
external/libpng-1.6.37/tests/pngvalid-transform
external/zlib-1.2.11/
external/zlib-1.2.11/CMakeLists.txt
external/zlib-1.2.11/ChangeLog
external/zlib-1.2.11/FAQ
external/zlib-1.2.11/INDEX
external/zlib-1.2.11/Makefile
external/zlib-1.2.11/Makefile.in
external/zlib-1.2.11/README
external/zlib-1.2.11/adler32.c
external/zlib-1.2.11/compress.c
external/zlib-1.2.11/configure
external/zlib-1.2.11/crc32.c
external/zlib-1.2.11/crc32.h
external/zlib-1.2.11/deflate.c
external/zlib-1.2.11/deflate.h
external/zlib-1.2.11/gzclose.c
external/zlib-1.2.11/gzguts.h
external/zlib-1.2.11/gzlib.c
external/zlib-1.2.11/gzread.c
external/zlib-1.2.11/gzwrite.c
external/zlib-1.2.11/infback.c
external/zlib-1.2.11/inffast.c
external/zlib-1.2.11/inffast.h
external/zlib-1.2.11/inffixed.h
external/zlib-1.2.11/inflate.c
external/zlib-1.2.11/inflate.h
external/zlib-1.2.11/inftrees.c
external/zlib-1.2.11/inftrees.h
external/zlib-1.2.11/make_vms.com
external/zlib-1.2.11/treebuild.xml
external/zlib-1.2.11/trees.c
external/zlib-1.2.11/trees.h
external/zlib-1.2.11/uncompr.c
external/zlib-1.2.11/zconf.h
external/zlib-1.2.11/zconf.h.cmakein
external/zlib-1.2.11/zconf.h.in
external/zlib-1.2.11/zlib.3
external/zlib-1.2.11/zlib.3.pdf
external/zlib-1.2.11/zlib.h
external/zlib-1.2.11/zlib.map
external/zlib-1.2.11/zlib.pc.cmakein
external/zlib-1.2.11/zlib.pc.in
external/zlib-1.2.11/zlib2ansi
external/zlib-1.2.11/zutil.c
external/zlib-1.2.11/zutil.h
external/zlib-1.2.11/amiga/
external/zlib-1.2.11/amiga/Makefile.pup
external/zlib-1.2.11/amiga/Makefile.sas
external/zlib-1.2.11/contrib/
external/zlib-1.2.11/contrib/README.contrib
external/zlib-1.2.11/contrib/ada/
external/zlib-1.2.11/contrib/ada/buffer_demo.adb
external/zlib-1.2.11/contrib/ada/mtest.adb
external/zlib-1.2.11/contrib/ada/read.adb
external/zlib-1.2.11/contrib/ada/readme.txt
external/zlib-1.2.11/contrib/ada/test.adb
external/zlib-1.2.11/contrib/ada/zlib-streams.adb
external/zlib-1.2.11/contrib/ada/zlib-streams.ads
external/zlib-1.2.11/contrib/ada/zlib-thin.adb
external/zlib-1.2.11/contrib/ada/zlib-thin.ads
external/zlib-1.2.11/contrib/ada/zlib.adb
external/zlib-1.2.11/contrib/ada/zlib.ads
external/zlib-1.2.11/contrib/ada/zlib.gpr
external/zlib-1.2.11/contrib/amd64/
external/zlib-1.2.11/contrib/amd64/amd64-match.S
external/zlib-1.2.11/contrib/asm686/
external/zlib-1.2.11/contrib/asm686/README.686
external/zlib-1.2.11/contrib/asm686/match.S
external/zlib-1.2.11/contrib/blast/
external/zlib-1.2.11/contrib/blast/Makefile
external/zlib-1.2.11/contrib/blast/README
external/zlib-1.2.11/contrib/blast/blast.c
external/zlib-1.2.11/contrib/blast/blast.h
external/zlib-1.2.11/contrib/blast/test.pk
external/zlib-1.2.11/contrib/blast/test.txt
external/zlib-1.2.11/contrib/delphi/
external/zlib-1.2.11/contrib/delphi/ZLib.pas
external/zlib-1.2.11/contrib/delphi/ZLibConst.pas
external/zlib-1.2.11/contrib/delphi/readme.txt
external/zlib-1.2.11/contrib/delphi/zlibd32.mak
external/zlib-1.2.11/contrib/dotzlib/
external/zlib-1.2.11/contrib/dotzlib/DotZLib.build
external/zlib-1.2.11/contrib/dotzlib/DotZLib.chm
external/zlib-1.2.11/contrib/dotzlib/DotZLib.sln
external/zlib-1.2.11/contrib/dotzlib/LICENSE_1_0.txt
external/zlib-1.2.11/contrib/dotzlib/readme.txt
external/zlib-1.2.11/contrib/dotzlib/DotZLib/
external/zlib-1.2.11/contrib/dotzlib/DotZLib/AssemblyInfo.cs
external/zlib-1.2.11/contrib/dotzlib/DotZLib/ChecksumImpl.cs
external/zlib-1.2.11/contrib/dotzlib/DotZLib/CircularBuffer.cs
external/zlib-1.2.11/contrib/dotzlib/DotZLib/CodecBase.cs
external/zlib-1.2.11/contrib/dotzlib/DotZLib/Deflater.cs
external/zlib-1.2.11/contrib/dotzlib/DotZLib/DotZLib.cs
external/zlib-1.2.11/contrib/dotzlib/DotZLib/DotZLib.csproj
external/zlib-1.2.11/contrib/dotzlib/DotZLib/GZipStream.cs
external/zlib-1.2.11/contrib/dotzlib/DotZLib/Inflater.cs
external/zlib-1.2.11/contrib/dotzlib/DotZLib/UnitTests.cs
external/zlib-1.2.11/contrib/gcc_gvmat64/
external/zlib-1.2.11/contrib/gcc_gvmat64/gvmat64.S
external/zlib-1.2.11/contrib/infback9/
external/zlib-1.2.11/contrib/infback9/README
external/zlib-1.2.11/contrib/infback9/infback9.c
external/zlib-1.2.11/contrib/infback9/infback9.h
external/zlib-1.2.11/contrib/infback9/inffix9.h
external/zlib-1.2.11/contrib/infback9/inflate9.h
external/zlib-1.2.11/contrib/infback9/inftree9.c
external/zlib-1.2.11/contrib/infback9/inftree9.h
external/zlib-1.2.11/contrib/inflate86/
external/zlib-1.2.11/contrib/inflate86/inffas86.c
external/zlib-1.2.11/contrib/inflate86/inffast.S
external/zlib-1.2.11/contrib/iostream/
external/zlib-1.2.11/contrib/iostream/test.cpp
external/zlib-1.2.11/contrib/iostream/zfstream.cpp
external/zlib-1.2.11/contrib/iostream/zfstream.h
external/zlib-1.2.11/contrib/iostream2/
external/zlib-1.2.11/contrib/iostream2/zstream.h
external/zlib-1.2.11/contrib/iostream2/zstream_test.cpp
external/zlib-1.2.11/contrib/iostream3/
external/zlib-1.2.11/contrib/iostream3/README
external/zlib-1.2.11/contrib/iostream3/TODO
external/zlib-1.2.11/contrib/iostream3/test.cc
external/zlib-1.2.11/contrib/iostream3/zfstream.cc
external/zlib-1.2.11/contrib/iostream3/zfstream.h
external/zlib-1.2.11/contrib/masmx64/
external/zlib-1.2.11/contrib/masmx64/bld_ml64.bat
external/zlib-1.2.11/contrib/masmx64/gvmat64.asm
external/zlib-1.2.11/contrib/masmx64/inffas8664.c
external/zlib-1.2.11/contrib/masmx64/inffasx64.asm
external/zlib-1.2.11/contrib/masmx64/readme.txt
external/zlib-1.2.11/contrib/masmx86/
external/zlib-1.2.11/contrib/masmx86/bld_ml32.bat
external/zlib-1.2.11/contrib/masmx86/inffas32.asm
external/zlib-1.2.11/contrib/masmx86/match686.asm
external/zlib-1.2.11/contrib/masmx86/readme.txt
external/zlib-1.2.11/contrib/minizip/
external/zlib-1.2.11/contrib/minizip/Makefile
external/zlib-1.2.11/contrib/minizip/Makefile.am
external/zlib-1.2.11/contrib/minizip/MiniZip64_Changes.txt
external/zlib-1.2.11/contrib/minizip/MiniZip64_info.txt
external/zlib-1.2.11/contrib/minizip/configure.ac
external/zlib-1.2.11/contrib/minizip/crypt.h
external/zlib-1.2.11/contrib/minizip/ioapi.c
external/zlib-1.2.11/contrib/minizip/ioapi.h
external/zlib-1.2.11/contrib/minizip/iowin32.c
external/zlib-1.2.11/contrib/minizip/iowin32.h
external/zlib-1.2.11/contrib/minizip/make_vms.com
external/zlib-1.2.11/contrib/minizip/miniunz.c
external/zlib-1.2.11/contrib/minizip/miniunzip.1
external/zlib-1.2.11/contrib/minizip/minizip.1
external/zlib-1.2.11/contrib/minizip/minizip.c
external/zlib-1.2.11/contrib/minizip/minizip.pc.in
external/zlib-1.2.11/contrib/minizip/mztools.c
external/zlib-1.2.11/contrib/minizip/mztools.h
external/zlib-1.2.11/contrib/minizip/unzip.c
external/zlib-1.2.11/contrib/minizip/unzip.h
external/zlib-1.2.11/contrib/minizip/zip.c
external/zlib-1.2.11/contrib/minizip/zip.h
external/zlib-1.2.11/contrib/pascal/
external/zlib-1.2.11/contrib/pascal/example.pas
external/zlib-1.2.11/contrib/pascal/readme.txt
external/zlib-1.2.11/contrib/pascal/zlibd32.mak
external/zlib-1.2.11/contrib/pascal/zlibpas.pas
external/zlib-1.2.11/contrib/puff/
external/zlib-1.2.11/contrib/puff/Makefile
external/zlib-1.2.11/contrib/puff/README
external/zlib-1.2.11/contrib/puff/puff.c
external/zlib-1.2.11/contrib/puff/puff.h
external/zlib-1.2.11/contrib/puff/pufftest.c
external/zlib-1.2.11/contrib/puff/zeros.raw
external/zlib-1.2.11/contrib/testzlib/
external/zlib-1.2.11/contrib/testzlib/testzlib.c
external/zlib-1.2.11/contrib/testzlib/testzlib.txt
external/zlib-1.2.11/contrib/untgz/
external/zlib-1.2.11/contrib/untgz/Makefile
external/zlib-1.2.11/contrib/untgz/Makefile.msc
external/zlib-1.2.11/contrib/untgz/untgz.c
external/zlib-1.2.11/contrib/vstudio/
external/zlib-1.2.11/contrib/vstudio/readme.txt
external/zlib-1.2.11/contrib/vstudio/vc10/
external/zlib-1.2.11/contrib/vstudio/vc10/miniunz.vcxproj
external/zlib-1.2.11/contrib/vstudio/vc10/miniunz.vcxproj.filters
external/zlib-1.2.11/contrib/vstudio/vc10/minizip.vcxproj
external/zlib-1.2.11/contrib/vstudio/vc10/minizip.vcxproj.filters
external/zlib-1.2.11/contrib/vstudio/vc10/testzlib.vcxproj
external/zlib-1.2.11/contrib/vstudio/vc10/testzlib.vcxproj.filters
external/zlib-1.2.11/contrib/vstudio/vc10/testzlibdll.vcxproj
external/zlib-1.2.11/contrib/vstudio/vc10/testzlibdll.vcxproj.filters
external/zlib-1.2.11/contrib/vstudio/vc10/zlib.rc
external/zlib-1.2.11/contrib/vstudio/vc10/zlibstat.vcxproj
external/zlib-1.2.11/contrib/vstudio/vc10/zlibstat.vcxproj.filters
external/zlib-1.2.11/contrib/vstudio/vc10/zlibvc.def
external/zlib-1.2.11/contrib/vstudio/vc10/zlibvc.sln
external/zlib-1.2.11/contrib/vstudio/vc10/zlibvc.vcxproj
external/zlib-1.2.11/contrib/vstudio/vc10/zlibvc.vcxproj.filters
external/zlib-1.2.11/contrib/vstudio/vc11/
external/zlib-1.2.11/contrib/vstudio/vc11/miniunz.vcxproj
external/zlib-1.2.11/contrib/vstudio/vc11/minizip.vcxproj
external/zlib-1.2.11/contrib/vstudio/vc11/testzlib.vcxproj
external/zlib-1.2.11/contrib/vstudio/vc11/testzlibdll.vcxproj
external/zlib-1.2.11/contrib/vstudio/vc11/zlib.rc
external/zlib-1.2.11/contrib/vstudio/vc11/zlibstat.vcxproj
external/zlib-1.2.11/contrib/vstudio/vc11/zlibvc.def
external/zlib-1.2.11/contrib/vstudio/vc11/zlibvc.sln
external/zlib-1.2.11/contrib/vstudio/vc11/zlibvc.vcxproj
external/zlib-1.2.11/contrib/vstudio/vc12/
external/zlib-1.2.11/contrib/vstudio/vc12/miniunz.vcxproj
external/zlib-1.2.11/contrib/vstudio/vc12/minizip.vcxproj
external/zlib-1.2.11/contrib/vstudio/vc12/testzlib.vcxproj
external/zlib-1.2.11/contrib/vstudio/vc12/testzlibdll.vcxproj
external/zlib-1.2.11/contrib/vstudio/vc12/zlib.rc
external/zlib-1.2.11/contrib/vstudio/vc12/zlibstat.vcxproj
external/zlib-1.2.11/contrib/vstudio/vc12/zlibvc.def
external/zlib-1.2.11/contrib/vstudio/vc12/zlibvc.sln
external/zlib-1.2.11/contrib/vstudio/vc12/zlibvc.vcxproj
external/zlib-1.2.11/contrib/vstudio/vc14/
external/zlib-1.2.11/contrib/vstudio/vc14/miniunz.vcxproj
external/zlib-1.2.11/contrib/vstudio/vc14/minizip.vcxproj
external/zlib-1.2.11/contrib/vstudio/vc14/testzlib.vcxproj
external/zlib-1.2.11/contrib/vstudio/vc14/testzlibdll.vcxproj
external/zlib-1.2.11/contrib/vstudio/vc14/zlib.rc
external/zlib-1.2.11/contrib/vstudio/vc14/zlibstat.vcxproj
external/zlib-1.2.11/contrib/vstudio/vc14/zlibvc.def
external/zlib-1.2.11/contrib/vstudio/vc14/zlibvc.sln
external/zlib-1.2.11/contrib/vstudio/vc14/zlibvc.vcxproj
external/zlib-1.2.11/contrib/vstudio/vc9/
external/zlib-1.2.11/contrib/vstudio/vc9/miniunz.vcproj
external/zlib-1.2.11/contrib/vstudio/vc9/minizip.vcproj
external/zlib-1.2.11/contrib/vstudio/vc9/testzlib.vcproj
external/zlib-1.2.11/contrib/vstudio/vc9/testzlibdll.vcproj
external/zlib-1.2.11/contrib/vstudio/vc9/zlib.rc
external/zlib-1.2.11/contrib/vstudio/vc9/zlibstat.vcproj
external/zlib-1.2.11/contrib/vstudio/vc9/zlibvc.def
external/zlib-1.2.11/contrib/vstudio/vc9/zlibvc.sln
external/zlib-1.2.11/contrib/vstudio/vc9/zlibvc.vcproj
external/zlib-1.2.11/doc/
external/zlib-1.2.11/doc/algorithm.txt
external/zlib-1.2.11/doc/rfc1950.txt
external/zlib-1.2.11/doc/rfc1951.txt
external/zlib-1.2.11/doc/rfc1952.txt
external/zlib-1.2.11/doc/txtvsbin.txt
external/zlib-1.2.11/examples/
external/zlib-1.2.11/examples/README.examples
external/zlib-1.2.11/examples/enough.c
external/zlib-1.2.11/examples/fitblk.c
external/zlib-1.2.11/examples/gun.c
external/zlib-1.2.11/examples/gzappend.c
external/zlib-1.2.11/examples/gzjoin.c
external/zlib-1.2.11/examples/gzlog.c
external/zlib-1.2.11/examples/gzlog.h
external/zlib-1.2.11/examples/zlib_how.html
external/zlib-1.2.11/examples/zpipe.c
external/zlib-1.2.11/examples/zran.c
external/zlib-1.2.11/msdos/
external/zlib-1.2.11/msdos/Makefile.bor
external/zlib-1.2.11/msdos/Makefile.dj2
external/zlib-1.2.11/msdos/Makefile.emx
external/zlib-1.2.11/msdos/Makefile.msc
external/zlib-1.2.11/msdos/Makefile.tc
external/zlib-1.2.11/nintendods/
external/zlib-1.2.11/nintendods/Makefile
external/zlib-1.2.11/nintendods/README
external/zlib-1.2.11/old/
external/zlib-1.2.11/old/Makefile.emx
external/zlib-1.2.11/old/Makefile.riscos
external/zlib-1.2.11/old/README
external/zlib-1.2.11/old/descrip.mms
external/zlib-1.2.11/old/visual-basic.txt
external/zlib-1.2.11/old/os2/
external/zlib-1.2.11/old/os2/Makefile.os2
external/zlib-1.2.11/old/os2/zlib.def
external/zlib-1.2.11/os400/
external/zlib-1.2.11/os400/README400
external/zlib-1.2.11/os400/bndsrc
external/zlib-1.2.11/os400/make.sh
external/zlib-1.2.11/os400/zlib.inc
external/zlib-1.2.11/qnx/
external/zlib-1.2.11/qnx/package.qpg
external/zlib-1.2.11/test/
external/zlib-1.2.11/test/example.c
external/zlib-1.2.11/test/infcover.c
external/zlib-1.2.11/test/minigzip.c
external/zlib-1.2.11/watcom/
external/zlib-1.2.11/watcom/watcom_f.mak
external/zlib-1.2.11/watcom/watcom_l.mak
external/zlib-1.2.11/win32/
external/zlib-1.2.11/win32/DLL_FAQ.txt
external/zlib-1.2.11/win32/Makefile.bor
external/zlib-1.2.11/win32/Makefile.gcc
external/zlib-1.2.11/win32/Makefile.msc
external/zlib-1.2.11/win32/README-WIN32.txt
external/zlib-1.2.11/win32/VisualC.txt
external/zlib-1.2.11/win32/zlib.def
external/zlib-1.2.11/win32/zlib1.rc
geogrid/
geogrid/GEOGRID.TBL -> GEOGRID.TBL.ARW
geogrid/GEOGRID.TBL.ARW
geogrid/GEOGRID.TBL.ARW.noahmp
geogrid/GEOGRID.TBL.ARW_CHEM
geogrid/GEOGRID.TBL.ARW_LCZ
geogrid/GEOGRID.TBL.FIRE
geogrid/Makefile
geogrid/geogrid.exe -> src/geogrid.exe
geogrid/gribmap.txt
geogrid/src/
geogrid/src/.gitignore
geogrid/src/Makefile
geogrid/src/bitarray_module.F
geogrid/src/bitarray_module.f90
geogrid/src/bitarray_module.mod
geogrid/src/bitarray_module.o
geogrid/src/cio.c
geogrid/src/cio.o
geogrid/src/constants_module.F
geogrid/src/constants_module.f90
geogrid/src/constants_module.mod
geogrid/src/constants_module.o
geogrid/src/geogrid.F
geogrid/src/geogrid.exe
geogrid/src/geogrid.f90
geogrid/src/geogrid.o
geogrid/src/gridinfo_module.F
geogrid/src/gridinfo_module.f90
geogrid/src/gridinfo_module.mod
geogrid/src/gridinfo_module.o
geogrid/src/hash_module.F
geogrid/src/hash_module.f90
geogrid/src/hash_module.mod
geogrid/src/hash_module.o
geogrid/src/interp_module.F
geogrid/src/interp_module.f90
geogrid/src/interp_module.mod
geogrid/src/interp_module.o
geogrid/src/list_module.F
geogrid/src/list_module.f90
geogrid/src/list_module.mod
geogrid/src/list_module.o
geogrid/src/llxy_module.F
geogrid/src/llxy_module.f90
geogrid/src/llxy_module.mod
geogrid/src/llxy_module.o
geogrid/src/map_utils.mod
geogrid/src/misc_definitions_module.F
geogrid/src/misc_definitions_module.f90
geogrid/src/misc_definitions_module.mod
geogrid/src/misc_definitions_module.o
geogrid/src/module_debug.F
geogrid/src/module_debug.f90
geogrid/src/module_debug.mod
geogrid/src/module_debug.o
geogrid/src/module_map_utils.F
geogrid/src/module_map_utils.f90
geogrid/src/module_map_utils.o
geogrid/src/module_stringutil.F -> ../../ungrib/src/module_stringutil.F
geogrid/src/module_stringutil.f90
geogrid/src/module_stringutil.o
geogrid/src/output_module.F
geogrid/src/output_module.f90
geogrid/src/output_module.mod
geogrid/src/output_module.o
geogrid/src/parallel_module.F
geogrid/src/parallel_module.f90
geogrid/src/parallel_module.mod
geogrid/src/parallel_module.o
geogrid/src/proc_point_module.F
geogrid/src/proc_point_module.f90
geogrid/src/proc_point_module.mod
geogrid/src/proc_point_module.o
geogrid/src/process_tile_module.F
geogrid/src/process_tile_module.f90
geogrid/src/process_tile_module.mod
geogrid/src/process_tile_module.o
geogrid/src/queue_module.F
geogrid/src/queue_module.f90
geogrid/src/queue_module.mod
geogrid/src/queue_module.o
geogrid/src/read_geogrid.c
geogrid/src/read_geogrid.o
geogrid/src/smooth_module.F
geogrid/src/smooth_module.f90
geogrid/src/smooth_module.mod
geogrid/src/smooth_module.o
geogrid/src/source_data_module.F
geogrid/src/source_data_module.f90
geogrid/src/source_data_module.mod
geogrid/src/source_data_module.o
geogrid/src/stringutil.mod
geogrid/src/wrf_debug.F
geogrid/src/wrf_debug.f90
geogrid/src/wrf_debug.o
geogrid/src/write_geogrid.c
geogrid/util/
geogrid/util/ij_to_latlon.F
geogrid/util/latlon_to_ij.F
geogrid/util/plotter.F
geogrid/util/retile-cat.c
geogrid/util/retile-cont.c
geogrid/util/retile.c
geogrid/util/plot_source/
geogrid/util/plot_source/a.c
geogrid/util/plot_source/plotter.F
geogrid/util/plotgrid/
geogrid/util/plotgrid/Makefile
geogrid/util/plotgrid/src/
geogrid/util/plotgrid/src/Makefile
geogrid/util/plotgrid/src/cio.c -> ../../../src/cio.c
geogrid/util/plotgrid/src/gridinfo_module.F -> ../../../../metgrid/src/gridinfo_module.F
geogrid/util/plotgrid/src/input_module.F -> ../../../../metgrid/src/input_module.F
geogrid/util/plotgrid/src/misc_definitions_module.F -> ../../../src/misc_definitions_module.F
geogrid/util/plotgrid/src/module_debug.F -> ../../../src/module_debug.F
geogrid/util/plotgrid/src/parallel_module.F -> ../../../src/parallel_module.F
geogrid/util/plotgrid/src/plotgrid.F
geogrid/util/plotgrid/src/queue_module.F -> ../../../src/queue_module.F
geogrid/util/plotgrid/src/wrf_debug.F -> ../../../src/wrf_debug.F
metgrid/
metgrid/METGRID.TBL -> METGRID.TBL.ARW
metgrid/METGRID.TBL.AFWA
metgrid/METGRID.TBL.ARW
metgrid/METGRID.TBL.ARW.rap
metgrid/METGRID.TBL.ARW.ruc
metgrid/Makefile
metgrid/gribmap.txt
metgrid/metgrid.exe -> src/metgrid.exe
metgrid/src/
metgrid/src/.gitignore
metgrid/src/Makefile
metgrid/src/bitarray_module.F -> ../../geogrid/src/bitarray_module.F
metgrid/src/bitarray_module.f90
metgrid/src/bitarray_module.mod
metgrid/src/bitarray_module.o
metgrid/src/cio.c -> ../../geogrid/src/cio.c
metgrid/src/cio.o
metgrid/src/constants_module.F -> ../../geogrid/src/constants_module.F
metgrid/src/constants_module.f90
metgrid/src/constants_module.mod
metgrid/src/constants_module.o
metgrid/src/datatype_module.F
metgrid/src/datatype_module.f90
metgrid/src/datatype_module.mod
metgrid/src/datatype_module.o
metgrid/src/date_pack.mod
metgrid/src/gridinfo_module.F
metgrid/src/gridinfo_module.f90
metgrid/src/gridinfo_module.mod
metgrid/src/gridinfo_module.o
metgrid/src/input_module.F
metgrid/src/input_module.f90
metgrid/src/input_module.mod
metgrid/src/input_module.o
metgrid/src/interp_module.F -> ../../geogrid/src/interp_module.F
metgrid/src/interp_module.f90
metgrid/src/interp_module.mod
metgrid/src/interp_module.o
metgrid/src/interp_option_module.F
metgrid/src/interp_option_module.f90
metgrid/src/interp_option_module.mod
metgrid/src/interp_option_module.o
metgrid/src/list_module.F -> ../../geogrid/src/list_module.F
metgrid/src/list_module.f90
metgrid/src/list_module.mod
metgrid/src/list_module.o
metgrid/src/llxy_module.F -> ../../geogrid/src/llxy_module.F
metgrid/src/llxy_module.f90
metgrid/src/llxy_module.mod
metgrid/src/llxy_module.o
metgrid/src/map_utils.mod
metgrid/src/met_data_module.F
metgrid/src/met_data_module.f90
metgrid/src/met_data_module.mod
metgrid/src/met_data_module.o
metgrid/src/metgrid.F
metgrid/src/metgrid.exe
metgrid/src/metgrid.f90
metgrid/src/metgrid.o
metgrid/src/minheap_module.F
metgrid/src/minheap_module.f90
metgrid/src/minheap_module.mod
metgrid/src/minheap_module.o
metgrid/src/misc_definitions_module.F -> ../../geogrid/src/misc_definitions_module.F
metgrid/src/misc_definitions_module.f90
metgrid/src/misc_definitions_module.mod
metgrid/src/misc_definitions_module.o
metgrid/src/module_date_pack.F
metgrid/src/module_date_pack.f90
metgrid/src/module_date_pack.o
metgrid/src/module_debug.F -> ../../geogrid/src/module_debug.F
metgrid/src/module_debug.f90
metgrid/src/module_debug.mod
metgrid/src/module_debug.o
metgrid/src/module_map_utils.F -> ../../geogrid/src/module_map_utils.F
metgrid/src/module_map_utils.f90
metgrid/src/module_map_utils.o
metgrid/src/module_mergesort.F
metgrid/src/module_mergesort.f90
metgrid/src/module_mergesort.mod
metgrid/src/module_mergesort.o
metgrid/src/module_stringutil.F -> ../../ungrib/src/module_stringutil.F
metgrid/src/module_stringutil.f90
metgrid/src/module_stringutil.o
metgrid/src/mpas_mesh.F
metgrid/src/mpas_mesh.f90
metgrid/src/mpas_mesh.mod
metgrid/src/mpas_mesh.o
metgrid/src/output_module.F -> ../../geogrid/src/output_module.F
metgrid/src/output_module.f90
metgrid/src/output_module.mod
metgrid/src/output_module.o
metgrid/src/parallel_module.F -> ../../geogrid/src/parallel_module.F
metgrid/src/parallel_module.f90
metgrid/src/parallel_module.mod
metgrid/src/parallel_module.o
metgrid/src/process_domain_module.F
metgrid/src/process_domain_module.f90
metgrid/src/process_domain_module.mod
metgrid/src/process_domain_module.o
metgrid/src/queue_module.F -> ../../geogrid/src/queue_module.F
metgrid/src/queue_module.f90
metgrid/src/queue_module.mod
metgrid/src/queue_module.o
metgrid/src/read_met_module.F
metgrid/src/read_met_module.f90
metgrid/src/read_met_module.mod
metgrid/src/read_met_module.o
metgrid/src/remapper.F
metgrid/src/remapper.f90
metgrid/src/remapper.mod
metgrid/src/remapper.o
metgrid/src/rotate_winds_module.F
metgrid/src/rotate_winds_module.f90
metgrid/src/rotate_winds_module.mod
metgrid/src/rotate_winds_module.o
metgrid/src/scan_input.F
metgrid/src/scan_input.f90
metgrid/src/scan_input.mod
metgrid/src/scan_input.o
metgrid/src/storage_module.F
metgrid/src/storage_module.f90
metgrid/src/storage_module.mod
metgrid/src/storage_module.o
metgrid/src/stringutil.mod
metgrid/src/target_mesh.F
metgrid/src/target_mesh.f90
metgrid/src/target_mesh.mod
metgrid/src/target_mesh.o
metgrid/src/wrf_debug.F -> ../../geogrid/src/wrf_debug.F
metgrid/src/wrf_debug.f90
metgrid/src/wrf_debug.o
metgrid/src/write_met_module.F
metgrid/src/write_met_module.f90
metgrid/src/write_met_module.mod
metgrid/src/write_met_module.o
ungrib/
ungrib/.gitignore
ungrib/Makefile
ungrib/README_LIBS
ungrib/g1print.exe -> src/g1print.exe
ungrib/g2print.exe -> src/g2print.exe
ungrib/ungrib.exe -> src/ungrib.exe
ungrib/Variable_Tables/
ungrib/Variable_Tables/README
ungrib/Variable_Tables/Vtable.AFWAICE
ungrib/Variable_Tables/Vtable.AGRMETSNOW
ungrib/Variable_Tables/Vtable.AGRMETSOIL
ungrib/Variable_Tables/Vtable.AGRMETSOIL2
ungrib/Variable_Tables/Vtable.AGRWRF
ungrib/Variable_Tables/Vtable.ARW.UPP
ungrib/Variable_Tables/Vtable.ARWp.UPP
ungrib/Variable_Tables/Vtable.AVN0P5WRF
ungrib/Variable_Tables/Vtable.AWIP
ungrib/Variable_Tables/Vtable.CFSR
ungrib/Variable_Tables/Vtable.CFSR_mean
ungrib/Variable_Tables/Vtable.ECMWF
ungrib/Variable_Tables/Vtable.ECMWF_sigma
ungrib/Variable_Tables/Vtable.ERA-interim.ml
ungrib/Variable_Tables/Vtable.ERA-interim.pl
ungrib/Variable_Tables/Vtable.GFDL
ungrib/Variable_Tables/Vtable.GFS
ungrib/Variable_Tables/Vtable.GFSENS
ungrib/Variable_Tables/Vtable.GFS_OZONE
ungrib/Variable_Tables/Vtable.GODAS
ungrib/Variable_Tables/Vtable.GSM
ungrib/Variable_Tables/Vtable.ICONm
ungrib/Variable_Tables/Vtable.ICONp
ungrib/Variable_Tables/Vtable.JMAGSM
ungrib/Variable_Tables/Vtable.NAM
ungrib/Variable_Tables/Vtable.NARR
ungrib/Variable_Tables/Vtable.NCEP2
ungrib/Variable_Tables/Vtable.NNRP
ungrib/Variable_Tables/Vtable.NOGAPS
ungrib/Variable_Tables/Vtable.NOGAPS_needs_GFS_soil
ungrib/Variable_Tables/Vtable.NavySST
ungrib/Variable_Tables/Vtable.RAP.hybrid.ncep
ungrib/Variable_Tables/Vtable.RAP.pressure.ncep
ungrib/Variable_Tables/Vtable.RAP.sigma.gsd
ungrib/Variable_Tables/Vtable.RUCb
ungrib/Variable_Tables/Vtable.RUCp
ungrib/Variable_Tables/Vtable.SREF
ungrib/Variable_Tables/Vtable.SST
ungrib/Variable_Tables/Vtable.TCRP
ungrib/Variable_Tables/Vtable.UKMO_ENDGame
ungrib/Variable_Tables/Vtable.UKMO_LANDSEA
ungrib/Variable_Tables/Vtable.UKMO_no_heights
ungrib/Variable_Tables/Vtable.raphrrr
ungrib/src/
ungrib/src/.gitignore
ungrib/src/Makefile
ungrib/src/build_hdate.F
ungrib/src/build_hdate.f90
ungrib/src/build_hdate.o
ungrib/src/cio.c
ungrib/src/cio.o
ungrib/src/datarray.mod
ungrib/src/datint.F
ungrib/src/datint.f90
ungrib/src/datint.o
ungrib/src/debug_cio.c -> ../../geogrid/src/cio.c
ungrib/src/debug_cio.o
ungrib/src/file_delete.F
ungrib/src/file_delete.f90
ungrib/src/file_delete.o
ungrib/src/filelist.F
ungrib/src/filelist.f90
ungrib/src/filelist.mod
ungrib/src/filelist.o
ungrib/src/g1print.F
ungrib/src/g1print.exe
ungrib/src/g1print.f90
ungrib/src/g1print.o
ungrib/src/g2print.F
ungrib/src/g2print.exe
ungrib/src/g2print.f90
ungrib/src/g2print.o
ungrib/src/gbytesys.F
ungrib/src/gbytesys.f90
ungrib/src/gbytesys.o
ungrib/src/geth_idts.F
ungrib/src/geth_idts.f90
ungrib/src/geth_idts.o
ungrib/src/geth_newdate.F
ungrib/src/geth_newdate.f90
ungrib/src/geth_newdate.o
ungrib/src/gribcode.F
ungrib/src/gribcode.f90
ungrib/src/gribcode.o
ungrib/src/gridinfo.F
ungrib/src/gridinfo.f90
ungrib/src/gridinfo.mod
ungrib/src/gridinfo.o
ungrib/src/libpgu.a
ungrib/src/misc_definitions_module.F -> ../../geogrid/src/misc_definitions_module.F
ungrib/src/misc_definitions_module.f90
ungrib/src/misc_definitions_module.mod
ungrib/src/misc_definitions_module.o
ungrib/src/module_datarray.F
ungrib/src/module_datarray.f90
ungrib/src/module_datarray.o
ungrib/src/module_debug.F -> ../../geogrid/src/module_debug.F
ungrib/src/module_debug.f90
ungrib/src/module_debug.mod
ungrib/src/module_debug.o
ungrib/src/module_grib.mod
ungrib/src/module_stringutil.F
ungrib/src/module_stringutil.f90
ungrib/src/module_stringutil.o
ungrib/src/new_storage.F
ungrib/src/new_storage.f90
ungrib/src/new_storage.o
ungrib/src/output.F
ungrib/src/output.f90
ungrib/src/output.o
ungrib/src/parse_table.F
ungrib/src/parse_table.f90
ungrib/src/parse_table.o
ungrib/src/rd_grib1.F
ungrib/src/rd_grib1.f90
ungrib/src/rd_grib1.o
ungrib/src/rd_grib2.F
ungrib/src/rd_grib2.f90
ungrib/src/rd_grib2.o
ungrib/src/read_namelist.F
ungrib/src/read_namelist.f90
ungrib/src/read_namelist.o
ungrib/src/rrpr.F
ungrib/src/rrpr.f90
ungrib/src/rrpr.o
ungrib/src/storage_module.mod
ungrib/src/stringutil.mod
ungrib/src/swap.F
ungrib/src/swap.f90
ungrib/src/swap.o
ungrib/src/table.F
ungrib/src/table.f90
ungrib/src/table.mod
ungrib/src/table.o
ungrib/src/ungrib.F
ungrib/src/ungrib.exe
ungrib/src/ungrib.f90
ungrib/src/ungrib.o
ungrib/src/ngl/
ungrib/src/ngl/Makefile
ungrib/src/ngl/libg2_4.a -> g2/libg2_4.a
ungrib/src/ngl/libw3.a -> w3/libw3.a
ungrib/src/ngl/g2/
ungrib/src/ngl/g2/CHANGES
ungrib/src/ngl/g2/Makefile
ungrib/src/ngl/g2/README
ungrib/src/ngl/g2/addfield.F
ungrib/src/ngl/g2/addfield.o
ungrib/src/ngl/g2/addgrid.f
ungrib/src/ngl/g2/addgrid.o
ungrib/src/ngl/g2/addlocal.f
ungrib/src/ngl/g2/addlocal.o
ungrib/src/ngl/g2/cmplxpack.f
ungrib/src/ngl/g2/compack.f
ungrib/src/ngl/g2/comunpack.f
ungrib/src/ngl/g2/comunpack.o
ungrib/src/ngl/g2/dec_jpeg2000.c
ungrib/src/ngl/g2/dec_jpeg2000.o
ungrib/src/ngl/g2/dec_png.c
ungrib/src/ngl/g2/dec_png.o
ungrib/src/ngl/g2/drstemplates.f
ungrib/src/ngl/g2/drstemplates.mod
ungrib/src/ngl/g2/drstemplates.o
ungrib/src/ngl/g2/enc_jpeg2000.c
ungrib/src/ngl/g2/enc_png.c
ungrib/src/ngl/g2/g2grids.f
ungrib/src/ngl/g2/g2grids.mod
ungrib/src/ngl/g2/g2grids.o
ungrib/src/ngl/g2/gb_info.f
ungrib/src/ngl/g2/gb_info.o
ungrib/src/ngl/g2/gbytesc.f
ungrib/src/ngl/g2/gbytesc.o
ungrib/src/ngl/g2/gdt2gds.f
ungrib/src/ngl/g2/gdt2gds.o
ungrib/src/ngl/g2/getdim.f
ungrib/src/ngl/g2/getdim.o
ungrib/src/ngl/g2/getfield.f
ungrib/src/ngl/g2/getfield.o
ungrib/src/ngl/g2/getg2i.f
ungrib/src/ngl/g2/getg2i.o
ungrib/src/ngl/g2/getg2ir.f
ungrib/src/ngl/g2/getg2ir.o
ungrib/src/ngl/g2/getgb2.f
ungrib/src/ngl/g2/getgb2.o
ungrib/src/ngl/g2/getgb2l.f
ungrib/src/ngl/g2/getgb2l.o
ungrib/src/ngl/g2/getgb2p.f
ungrib/src/ngl/g2/getgb2p.o
ungrib/src/ngl/g2/getgb2r.f
ungrib/src/ngl/g2/getgb2r.o
ungrib/src/ngl/g2/getgb2rp.f
ungrib/src/ngl/g2/getgb2rp.o
ungrib/src/ngl/g2/getgb2s.f
ungrib/src/ngl/g2/getgb2s.o
ungrib/src/ngl/g2/getidx.f
ungrib/src/ngl/g2/getidx.o
ungrib/src/ngl/g2/getlocal.f
ungrib/src/ngl/g2/getlocal.o
ungrib/src/ngl/g2/getpoly.f
ungrib/src/ngl/g2/getpoly.o
ungrib/src/ngl/g2/gettemplates.f
ungrib/src/ngl/g2/gettemplates.o
ungrib/src/ngl/g2/gf_free.f
ungrib/src/ngl/g2/gf_free.o
ungrib/src/ngl/g2/gf_getfld.f
ungrib/src/ngl/g2/gf_getfld.o
ungrib/src/ngl/g2/gf_unpack1.f
ungrib/src/ngl/g2/gf_unpack1.o
ungrib/src/ngl/g2/gf_unpack2.f
ungrib/src/ngl/g2/gf_unpack2.o
ungrib/src/ngl/g2/gf_unpack3.f
ungrib/src/ngl/g2/gf_unpack3.o
ungrib/src/ngl/g2/gf_unpack4.f
ungrib/src/ngl/g2/gf_unpack4.o
ungrib/src/ngl/g2/gf_unpack5.f
ungrib/src/ngl/g2/gf_unpack5.o
ungrib/src/ngl/g2/gf_unpack6.f
ungrib/src/ngl/g2/gf_unpack6.o
ungrib/src/ngl/g2/gf_unpack7.F
ungrib/src/ngl/g2/gf_unpack7.o
ungrib/src/ngl/g2/grib2.doc
ungrib/src/ngl/g2/grib_mod.mod
ungrib/src/ngl/g2/gribcreate.f
ungrib/src/ngl/g2/gribcreate.o
ungrib/src/ngl/g2/gribend.f
ungrib/src/ngl/g2/gribend.o
ungrib/src/ngl/g2/gribinfo.f
ungrib/src/ngl/g2/gribinfo.o
ungrib/src/ngl/g2/gribmod.f
ungrib/src/ngl/g2/gribmod.o
ungrib/src/ngl/g2/gridtemplates.f
ungrib/src/ngl/g2/gridtemplates.mod
ungrib/src/ngl/g2/gridtemplates.o
ungrib/src/ngl/g2/intmath.f
ungrib/src/ngl/g2/intmath.mod
ungrib/src/ngl/g2/intmath.o
ungrib/src/ngl/g2/ixgb2.f
ungrib/src/ngl/g2/ixgb2.o
ungrib/src/ngl/g2/jpcpack.F
ungrib/src/ngl/g2/jpcunpack.F
ungrib/src/ngl/g2/jpcunpack.o
ungrib/src/ngl/g2/libg2_4.a
ungrib/src/ngl/g2/makefile_d
ungrib/src/ngl/g2/misspack.f
ungrib/src/ngl/g2/mkieee.f
ungrib/src/ngl/g2/mkieee.o
ungrib/src/ngl/g2/mova2i.c
ungrib/src/ngl/g2/mova2i.o
ungrib/src/ngl/g2/pack_gp.f
ungrib/src/ngl/g2/params.f
ungrib/src/ngl/g2/params.mod
ungrib/src/ngl/g2/params.o
ungrib/src/ngl/g2/params_ecmwf.f
ungrib/src/ngl/g2/params_ecmwf.mod
ungrib/src/ngl/g2/params_ecmwf.o
ungrib/src/ngl/g2/pdstemplates.f
ungrib/src/ngl/g2/pdstemplates.mod
ungrib/src/ngl/g2/pdstemplates.o
ungrib/src/ngl/g2/pngpack.F
ungrib/src/ngl/g2/pngunpack.F
ungrib/src/ngl/g2/pngunpack.o
ungrib/src/ngl/g2/putgb2.f
ungrib/src/ngl/g2/putgb2.o
ungrib/src/ngl/g2/rdieee.f
ungrib/src/ngl/g2/rdieee.o
ungrib/src/ngl/g2/re_alloc.mod
ungrib/src/ngl/g2/realloc.f
ungrib/src/ngl/g2/realloc.o
ungrib/src/ngl/g2/reduce.f
ungrib/src/ngl/g2/reduce.o
ungrib/src/ngl/g2/simpack.f
ungrib/src/ngl/g2/simunpack.f
ungrib/src/ngl/g2/simunpack.o
ungrib/src/ngl/g2/skgb.f
ungrib/src/ngl/g2/skgb.o
ungrib/src/ngl/g2/specpack.f
ungrib/src/ngl/g2/specunpack.f
ungrib/src/ngl/g2/specunpack.o
ungrib/src/ngl/w3/
ungrib/src/ngl/w3/CHANGES
ungrib/src/ngl/w3/Makefile
ungrib/src/ngl/w3/README
ungrib/src/ngl/w3/bacio.v1.3.c
ungrib/src/ngl/w3/bacio.v1.3.o
ungrib/src/ngl/w3/bacio_module.f
ungrib/src/ngl/w3/bacio_module.mod
ungrib/src/ngl/w3/bacio_module.o
ungrib/src/ngl/w3/baciof.f
ungrib/src/ngl/w3/baciof.h
ungrib/src/ngl/w3/baciof.o
ungrib/src/ngl/w3/clib.h
ungrib/src/ngl/w3/errexit.c
ungrib/src/ngl/w3/errexit.o
ungrib/src/ngl/w3/errmsg.f
ungrib/src/ngl/w3/errmsg.o
ungrib/src/ngl/w3/fparsei.f
ungrib/src/ngl/w3/fparsei.o
ungrib/src/ngl/w3/fparser.f
ungrib/src/ngl/w3/fparser.o
ungrib/src/ngl/w3/gbytes.f
ungrib/src/ngl/w3/gbytes.o
ungrib/src/ngl/w3/gbytes_char.f
ungrib/src/ngl/w3/gbytes_char.o
ungrib/src/ngl/w3/getbit.f
ungrib/src/ngl/w3/getbit.o
ungrib/src/ngl/w3/getgb.f
ungrib/src/ngl/w3/getgb.o
ungrib/src/ngl/w3/getgb1r.f
ungrib/src/ngl/w3/getgb1r.o
ungrib/src/ngl/w3/getgb1re.f
ungrib/src/ngl/w3/getgb1re.o
ungrib/src/ngl/w3/getgb1s.f
ungrib/src/ngl/w3/getgb1s.o
ungrib/src/ngl/w3/getgbe.f
ungrib/src/ngl/w3/getgbe.o
ungrib/src/ngl/w3/getgbeh.f
ungrib/src/ngl/w3/getgbeh.o
ungrib/src/ngl/w3/getgbem.f
ungrib/src/ngl/w3/getgbem.o
ungrib/src/ngl/w3/getgbemh.f
ungrib/src/ngl/w3/getgbemh.o
ungrib/src/ngl/w3/getgbemp.f
ungrib/src/ngl/w3/getgbemp.o
ungrib/src/ngl/w3/getgbens.f
ungrib/src/ngl/w3/getgbens.o
ungrib/src/ngl/w3/getgbep.f
ungrib/src/ngl/w3/getgbep.o
ungrib/src/ngl/w3/getgbex.f
ungrib/src/ngl/w3/getgbex.o
ungrib/src/ngl/w3/getgbexm.f
ungrib/src/ngl/w3/getgbexm.o
ungrib/src/ngl/w3/getgbh.f
ungrib/src/ngl/w3/getgbh.o
ungrib/src/ngl/w3/getgbm.f
ungrib/src/ngl/w3/getgbm.o
ungrib/src/ngl/w3/getgbmh.f
ungrib/src/ngl/w3/getgbmh.o
ungrib/src/ngl/w3/getgbmp.f
ungrib/src/ngl/w3/getgbmp.o
ungrib/src/ngl/w3/getgbp.f
ungrib/src/ngl/w3/getgbp.o
ungrib/src/ngl/w3/getgi.f
ungrib/src/ngl/w3/getgi.o
ungrib/src/ngl/w3/getgir.f
ungrib/src/ngl/w3/getgir.o
ungrib/src/ngl/w3/grib1.doc
ungrib/src/ngl/w3/idsdef.f
ungrib/src/ngl/w3/idsdef.o
ungrib/src/ngl/w3/instrument.f
ungrib/src/ngl/w3/instrument.o
ungrib/src/ngl/w3/iw3jdn.f
ungrib/src/ngl/w3/iw3jdn.o
ungrib/src/ngl/w3/ixgb.f
ungrib/src/ngl/w3/ixgb.o
ungrib/src/ngl/w3/lengds.f
ungrib/src/ngl/w3/lengds.o
ungrib/src/ngl/w3/libw3.a
ungrib/src/ngl/w3/pdsens.f
ungrib/src/ngl/w3/pdsens.o
ungrib/src/ngl/w3/pdseup.f
ungrib/src/ngl/w3/pdseup.o
ungrib/src/ngl/w3/putgb.f
ungrib/src/ngl/w3/putgb.o
ungrib/src/ngl/w3/putgbe.f
ungrib/src/ngl/w3/putgbe.o
ungrib/src/ngl/w3/putgben.f
ungrib/src/ngl/w3/putgben.o
ungrib/src/ngl/w3/putgbens.f
ungrib/src/ngl/w3/putgbens.o
ungrib/src/ngl/w3/putgbex.f
ungrib/src/ngl/w3/putgbex.o
ungrib/src/ngl/w3/putgbn.f
ungrib/src/ngl/w3/putgbn.o
ungrib/src/ngl/w3/r63w72.f
ungrib/src/ngl/w3/r63w72.o
ungrib/src/ngl/w3/sbyte.f
ungrib/src/ngl/w3/sbyte.o
ungrib/src/ngl/w3/sbytes.f
ungrib/src/ngl/w3/sbytes.o
ungrib/src/ngl/w3/start.f
ungrib/src/ngl/w3/start.o
ungrib/src/ngl/w3/summary.f
ungrib/src/ngl/w3/summary.o
ungrib/src/ngl/w3/w3difdat.f
ungrib/src/ngl/w3/w3difdat.o
ungrib/src/ngl/w3/w3doxdat.f
ungrib/src/ngl/w3/w3doxdat.o
ungrib/src/ngl/w3/w3fi01.f
ungrib/src/ngl/w3/w3fi01.o
ungrib/src/ngl/w3/w3fi58.f
ungrib/src/ngl/w3/w3fi58.o
ungrib/src/ngl/w3/w3fi59.f
ungrib/src/ngl/w3/w3fi59.o
ungrib/src/ngl/w3/w3fi63.f
ungrib/src/ngl/w3/w3fi63.o
ungrib/src/ngl/w3/w3fi68.f
ungrib/src/ngl/w3/w3fi68.o
ungrib/src/ngl/w3/w3fi71.f
ungrib/src/ngl/w3/w3fi71.o
ungrib/src/ngl/w3/w3fi72.f
ungrib/src/ngl/w3/w3fi72.o
ungrib/src/ngl/w3/w3fi73.f
ungrib/src/ngl/w3/w3fi73.o
ungrib/src/ngl/w3/w3fi74.f
ungrib/src/ngl/w3/w3fi74.o
ungrib/src/ngl/w3/w3fi75.f
ungrib/src/ngl/w3/w3fi75.o
ungrib/src/ngl/w3/w3fi76.f
ungrib/src/ngl/w3/w3fi76.o
ungrib/src/ngl/w3/w3fi82.f
ungrib/src/ngl/w3/w3fi82.o
ungrib/src/ngl/w3/w3fi83.f
ungrib/src/ngl/w3/w3fi83.o
ungrib/src/ngl/w3/w3fs21.f
ungrib/src/ngl/w3/w3fs21.o
ungrib/src/ngl/w3/w3fs26.f
ungrib/src/ngl/w3/w3fs26.o
ungrib/src/ngl/w3/w3locdat.f
ungrib/src/ngl/w3/w3locdat.o
ungrib/src/ngl/w3/w3log.f
ungrib/src/ngl/w3/w3log.o
ungrib/src/ngl/w3/w3movdat.f
ungrib/src/ngl/w3/w3movdat.o
ungrib/src/ngl/w3/w3reddat.f
ungrib/src/ngl/w3/w3reddat.o
ungrib/src/ngl/w3/w3tagb.f
ungrib/src/ngl/w3/w3tagb.o
ungrib/src/ngl/w3/w3utcdat.f
ungrib/src/ngl/w3/w3utcdat.o
util/
util/.gitignore
util/Makefile
util/avg_tsfc.exe -> src/avg_tsfc.exe
util/calc_ecmwf_p.exe -> src/calc_ecmwf_p.exe
util/g1print.exe -> ../ungrib/src/g1print.exe
util/g2print.exe -> ../ungrib/src/g2print.exe
util/gfs.ncl
util/gfs_old.ncl
util/height_ukmo.exe -> src/height_ukmo.exe
util/int2nc.exe -> src/int2nc.exe
util/mod_levs.exe -> src/mod_levs.exe
util/plotfmt.ncl
util/plotfmt_nc.ncl
util/plotgrids.ncl
util/plotgrids_new.ncl
util/plotgrids_old.ncl
util/rd_intermediate.exe -> src/rd_intermediate.exe
util/vertical_grid_38_20m_G3.txt
util/vertical_grid_50_20m_63km.txt
util/vertical_grid_70_20m_80km.txt
util/src/
util/src/.gitignore
util/src/Makefile
util/src/avg_tsfc.F
util/src/avg_tsfc.exe
util/src/avg_tsfc.f90
util/src/avg_tsfc.o
util/src/calc_ecmwf_p.F
util/src/calc_ecmwf_p.exe
util/src/calc_ecmwf_p.f90
util/src/calc_ecmwf_p.o
util/src/cio.c -> ../../geogrid/src/cio.c
util/src/cio.o
util/src/coefficients.mod
util/src/constants_module.F -> ../../geogrid/src/constants_module.F
util/src/constants_module.f90
util/src/constants_module.mod
util/src/constants_module.o
util/src/date_pack.mod
util/src/elev_angle.F
util/src/gridinfo_module.F -> ../../metgrid/src/gridinfo_module.F
util/src/gridinfo_module.f90
util/src/gridinfo_module.mod
util/src/gridinfo_module.o
util/src/height_ukmo.F
util/src/height_ukmo.exe
util/src/height_ukmo.f90
util/src/height_ukmo.o
util/src/int2nc.F
util/src/int2nc.exe
util/src/int2nc.f90
util/src/int2nc.o
util/src/met_data_module.F -> ../../metgrid/src/met_data_module.F
util/src/met_data_module.f90
util/src/met_data_module.mod
util/src/met_data_module.o
util/src/misc_definitions_module.F -> ../../geogrid/src/misc_definitions_module.F
util/src/misc_definitions_module.f90
util/src/misc_definitions_module.mod
util/src/misc_definitions_module.o
util/src/mod_levs.F
util/src/mod_levs.exe
util/src/mod_levs.f90
util/src/mod_levs.o
util/src/module_date_pack.F -> ../../metgrid/src/module_date_pack.F
util/src/module_date_pack.f90
util/src/module_date_pack.o
util/src/module_debug.F -> ../../geogrid/src/module_debug.F
util/src/module_debug.f90
util/src/module_debug.mod
util/src/module_debug.o
util/src/module_map_utils.F -> ../../geogrid/src/module_map_utils.F
util/src/module_stringutil.F -> ../../ungrib/src/module_stringutil.F
util/src/module_stringutil.f90
util/src/module_stringutil.o
util/src/plotfmt.F
util/src/plotgrids.F
util/src/rd_intermediate.F
util/src/rd_intermediate.exe
util/src/rd_intermediate.f90
util/src/rd_intermediate.o
util/src/read_met_module.F -> ../../metgrid/src/read_met_module.F
util/src/read_met_module.f90
util/src/read_met_module.mod
util/src/read_met_module.o
util/src/stringutil.mod
util/src/write_met_module.F -> ../../metgrid/src/write_met_module.F
util/src/write_met_module.f90
util/src/write_met_module.mod
util/src/write_met_module.o

sent 28,326,983 bytes  received 34,780 bytes  56,723,526.00 bytes/sec
total size is 28,202,853  speedup is 0.99
2026-07-16 16:07:28,682 INFO:wrf_massive.stages.wps:-> Ran setup_wps.sh successfully.
2026-07-16 16:07:28,683 INFO:wrf_massive.wrf_massive.base:Running stage 'wps'...
Parsed 50 entries in GEOGRID.TBL
Processing domain 1 of 1
  Processing XLAT and XLONG
  Processing MAPFAC
  Processing F and E
  Processing ROTANG
  Processing LANDUSEF
  Calculating landmask from LANDUSEF ( WATER =  17  21 )
  Processing HGT_M
  Processing SOILTEMP
  Processing SOILCTOP
  Processing SCT_DOM
  Processing SOILCBOT
  Processing SCB_DOM
  Processing ALBEDO12M
  Processing GREENFRAC
  Processing LAI12M
  Processing SNOALB
  Processing CON
  Processing VAR
  Processing OA1
  Processing OA2
  Processing OA3
  Processing OA4
  Processing OL1
  Processing OL2
  Processing OL3
  Processing OL4
  Processing VAR_SSO
  Processing URB_PARAM
  Processing FRC_URB2D
  Processing IMPERV
  Processing CANFRA

  Optional fields not processed by geogrid:
    LAKE_DEPTH (priority=1, resolution='default', path='/data/WRF/DATA/geogV4/lake_depth/')
    EROD (priority=1, resolution='default', path='/data/WRF/DATA/geogV4/erod/')
    CLAYFRAC (priority=1, resolution='default', path='/data/WRF/DATA/geogV4/clayfrac_5m/')
    SANDFRAC (priority=1, resolution='default', path='/data/WRF/DATA/geogV4/sandfrac_5m/')
    IRRIGATION (priority=1, resolution='default', path='/data/WRF/DATA/geogV4/irrigation/fao/')
    CONLS (priority=1, resolution='default', path='/data/WRF/DATA/geogV4/orogwd3_10m/conls/')
    VARLS (priority=1, resolution='default', path='/data/WRF/DATA/geogV4/orogwd3_10m/varls/')
    OA1LS (priority=1, resolution='default', path='/data/WRF/DATA/geogV4/orogwd3_10m/oa1ls/')
    OA2LS (priority=1, resolution='default', path='/data/WRF/DATA/geogV4/orogwd3_10m/oa2ls/')
    OA3LS (priority=1, resolution='default', path='/data/WRF/DATA/geogV4/orogwd3_10m/oa3ls/')
    OA4LS (priority=1, resolution='default', path='/data/WRF/DATA/geogV4/orogwd3_10m/oa4ls/')
    OL1LS (priority=1, resolution='default', path='/data/WRF/DATA/geogV4/orogwd3_10m/ol1ls/')
    OL2LS (priority=1, resolution='default', path='/data/WRF/DATA/geogV4/orogwd3_10m/ol2ls/')
    OL3LS (priority=1, resolution='default', path='/data/WRF/DATA/geogV4/orogwd3_10m/ol3ls/')
    OL4LS (priority=1, resolution='default', path='/data/WRF/DATA/geogV4/orogwd3_10m/ol4ls/')
    CONSS (priority=1, resolution='default', path='/data/WRF/DATA/geogV4/orogwd3_10m/conss/')
    VARSS (priority=1, resolution='default', path='/data/WRF/DATA/geogV4/orogwd3_10m/varss/')
    OA1SS (priority=1, resolution='default', path='/data/WRF/DATA/geogV4/orogwd3_10m/oa1ss/')
    OA2SS (priority=1, resolution='default', path='/data/WRF/DATA/geogV4/orogwd3_10m/oa2ss/')
    OA3SS (priority=1, resolution='default', path='/data/WRF/DATA/geogV4/orogwd3_10m/oa3ss/')
    OA4SS (priority=1, resolution='default', path='/data/WRF/DATA/geogV4/orogwd3_10m/oa4ss/')
    OL1SS (priority=1, resolution='default', path='/data/WRF/DATA/geogV4/orogwd3_10m/ol1ss/')
    OL2SS (priority=1, resolution='default', path='/data/WRF/DATA/geogV4/orogwd3_10m/ol2ss/')
    OL3SS (priority=1, resolution='default', path='/data/WRF/DATA/geogV4/orogwd3_10m/ol3ss/')
    OL4SS (priority=1, resolution='default', path='/data/WRF/DATA/geogV4/orogwd3_10m/ol4ss/')
    BATHYMETRY (priority=1, resolution='default', path='/data/WRF/DATA/geogV4/topobath_30s/')

!!!!!!!!!!!!!!!!!!!!!!!!!!!!!!!!!!!!!!!!!!!!!
!  Successful completion of geogrid.        !
!!!!!!!!!!!!!!!!!!!!!!!!!!!!!!!!!!!!!!!!!!!!!
 *** Starting program ungrib.exe ***
Start_date =  2020-09-30_12:00:00 ,      End_date = 2020-10-06_00:00:00
output format is WPS
Path to intermediate files is ./

###############################################################################

Inventory for date = 2020-09-30 12:00:00

PRES   TT        UU        VV        RH        GEOPT     HGT       PSFC      PMSL      LANDSEA   SOILHGT   SKINTEMP  SNOWH     SNOW     
-------------------------------------------------------------------------------
2001.0  O        X        X        O        O        O        O        O        O        O        O        O        O      
-------------------------------------------------------------------------------

###############################################################################

Inventory for date = 2020-10-03 15:00:00

PRES   TT        UU        VV        RH        GEOPT     HGT       PSFC      PMSL      LANDSEA   SOILHGT   SKINTEMP  SNOWH     SNOW     
-------------------------------------------------------------------------------
2013.0  O        O        O        O        O        O        O        X        O        O        O        O        O      
2001.0  X        O        O        X        O        O        X        O        X        X        X        X        X      
-------------------------------------------------------------------------------

###############################################################################

Inventory for date = 2020-10-03 03:00:00

PRES   TT        UU        VV        RH        GEOPT     HGT       PSFC      PMSL      LANDSEA   SOILHGT   SKINTEMP  SNOWH     SNOW     
-------------------------------------------------------------------------------
2001.0  O        X        X        O        O        O        O        O        O        O        O        O        O      
-------------------------------------------------------------------------------

###############################################################################

Inventory for date = 2020-10-05 18:00:00

PRES   TT        UU        VV        RH        GEOPT     HGT       PSFC      PMSL      LANDSEA   SOILHGT   SKINTEMP  SNOWH     SNOW     
-------------------------------------------------------------------------------
2013.0  O        O        O        O        O        O        O        X        O        O        O        O        O      
2001.0  X        O        O        X        O        O        X        O        X        X        X        X        X      
-------------------------------------------------------------------------------

###############################################################################

Inventory for date = 2020-10-02 18:00:00

PRES   TT        UU        VV        RH        GEOPT     HGT       PSFC      PMSL      LANDSEA   SOILHGT   SKINTEMP  SNOWH     SNOW     
-------------------------------------------------------------------------------
2001.0  O        X        X        O        O        O        O        O        O        O        O        O        O      
-------------------------------------------------------------------------------

###############################################################################

Inventory for date = 2020-10-02 15:00:00

PRES   TT        UU        VV        RH        GEOPT     HGT       PSFC      PMSL      LANDSEA   SOILHGT   SKINTEMP  SNOWH     SNOW     
-------------------------------------------------------------------------------
2001.0  O        X        X        O        O        O        O        O        O        O        O        O        O      
-------------------------------------------------------------------------------

###############################################################################

Inventory for date = 2020-10-02 15:00:00

PRES   TT        UU        VV        RH        GEOPT     HGT       PSFC      PMSL      LANDSEA   SOILHGT   SKINTEMP  SNOWH     SNOW     
-------------------------------------------------------------------------------
2013.0  O        O        O        O        O        O        O        X        O        O        O        O        O      
2001.0  X        O        O        X        O        O        X        O        X        X        X        X        X      
-------------------------------------------------------------------------------

###############################################################################

Inventory for date = 2020-10-03 06:00:00

PRES   TT        UU        VV        RH        GEOPT     HGT       PSFC      PMSL      LANDSEA   SOILHGT   SKINTEMP  SNOWH     SNOW     
-------------------------------------------------------------------------------
2001.0  O        X        X        O        O        O        O        O        O        O        O        O        O      
-------------------------------------------------------------------------------

###############################################################################

Inventory for date = 2020-10-02 12:00:00

PRES   TT        UU        VV        RH        GEOPT     HGT       PSFC      PMSL      LANDSEA   SOILHGT   SKINTEMP  SNOWH     SNOW     
-------------------------------------------------------------------------------
2013.0  O        O        O        O        O        O        O        X        O        O        O        O        O      
2001.0  X        O        O        X        O        O        X        O        X        X        X        X        X      
-------------------------------------------------------------------------------

###############################################################################

Inventory for date = 2020-10-01 21:00:00

PRES   TT        UU        VV        RH        GEOPT     HGT       PSFC      PMSL      LANDSEA   SOILHGT   SKINTEMP  SNOWH     SNOW     
-------------------------------------------------------------------------------
2001.0  O        X        X        O        O        O        O        O        O        O        O        O        O      
-------------------------------------------------------------------------------

###############################################################################

Inventory for date = 2020-10-02 06:00:00

PRES   TT        UU        VV        RH        GEOPT     HGT       PSFC      PMSL      LANDSEA   SOILHGT   SKINTEMP  SNOWH     SNOW     
-------------------------------------------------------------------------------
2013.0  O        O        O        O        O        O        O        X        O        O        O        O        O      
2001.0  X        O        O        X        O        O        X        O        X        X        X        X        X      
-------------------------------------------------------------------------------

###############################################################################

Inventory for date = 2020-10-01 15:00:00

PRES   TT        UU        VV        RH        GEOPT     HGT       PSFC      PMSL      LANDSEA   SOILHGT   SKINTEMP  SNOWH     SNOW     
-------------------------------------------------------------------------------
1000.0  X        X        X        X        X                                                                              
 975.0  X        X        X        X        X                                                                              
 950.0  X        X        X        X        X                                                                              
 925.0  X        X        X        X        X                                                                              
 900.0  X        X        X        X        X                                                                              
 875.0  X        X        X        X        X                                                                              
 850.0  X        X        X        X        X                                                                              
 825.0  X        X        X        X        X                                                                              
 800.0  X        X        X        X        X                                                                              
 750.0  X        X        X        X        X                                                                              
 700.0  X        X        X        X        X                                                                              
 600.0  X        X        X        X        X                                                                              
 500.0  X        X        X        X        X                                                                              
 400.0  X        X        X        X        X                                                                              
 300.0  X        X        X        X        X                                                                              
 250.0  X        X        X        X        X                                                                              
 200.0  X        X        X        X        X                                                                              
 150.0  X        X        X        X        X                                                                              
 100.0  X        X        X        X        X                                                                              
  70.0  X        X        X        X        X                                                                              
  50.0  X        X        X        X        X                                                                              
  30.0  X        X        X        X        X                                                                              
  20.0  X        X        X        X        X                                                                              
  10.0  X        X        X        X        X                                                                              
   7.0  X        X        X        X        X                                                                              
   5.0  X        X        X        X        X                                                                              
   3.0  X        X        X        X        X                                                                              
   2.0  X        X        X        X        X                                                                              
   1.0  X        X        X        X        X                                                                              
-------------------------------------------------------------------------------

###############################################################################

Inventory for date = 2020-09-30 21:00:00

PRES   TT        UU        VV        RH        GEOPT     HGT       PSFC      PMSL      LANDSEA   SOILHGT   SKINTEMP  SNOWH     SNOW     
-------------------------------------------------------------------------------
1000.0  X        X        X        X        X                                                                              
 975.0  X        X        X        X        X                                                                              
 950.0  X        X        X        X        X                                                                              
 925.0  X        X        X        X        X                                                                              
 900.0  X        X        X        X        X                                                                              
 875.0  X        X        X        X        X                                                                              
 850.0  X        X        X        X        X                                                                              
 825.0  X        X        X        X        X                                                                              
 800.0  X        X        X        X        X                                                                              
 750.0  X        X        X        X        X                                                                              
 700.0  X        X        X        X        X                                                                              
 600.0  X        X        X        X        X                                                                              
 500.0  X        X        X        X        X                                                                              
 400.0  X        X        X        X        X                                                                              
 300.0  X        X        X        X        X                                                                              
 250.0  X        X        X        X        X                                                                              
 200.0  X        X        X        X        X                                                                              
 150.0  X        X        X        X        X                                                                              
 100.0  X        X        X        X        X                                                                              
  70.0  X        X        X        X        X                                                                              
  50.0  X        X        X        X        X                                                                              
  30.0  X        X        X        X        X                                                                              
  20.0  X        X        X        X        X                                                                              
  10.0  X        X        X        X        X                                                                              
   7.0  X        X        X        X        X                                                                              
   5.0  X        X        X        X        X                                                                              
   3.0  X        X        X        X        X                                                                              
   2.0  X        X        X        X        X                                                                              
   1.0  X        X        X        X        X                                                                              
-------------------------------------------------------------------------------

###############################################################################

Inventory for date = 2020-10-04 15:00:00

PRES   TT        UU        VV        RH        GEOPT     HGT       PSFC      PMSL      LANDSEA   SOILHGT   SKINTEMP  SNOWH     SNOW     
-------------------------------------------------------------------------------
1000.0  X        X        X        X        X                                                                              
 975.0  X        X        X        X        X                                                                              
 950.0  X        X        X        X        X                                                                              
 925.0  X        X        X        X        X                                                                              
 900.0  X        X        X        X        X                                                                              
 875.0  X        X        X        X        X                                                                              
 850.0  X        X        X        X        X                                                                              
 825.0  X        X        X        X        X                                                                              
 800.0  X        X        X        X        X                                                                              
 750.0  X        X        X        X        X                                                                              
 700.0  X        X        X        X        X                                                                              
 600.0  X        X        X        X        X                                                                              
 500.0  X        X        X        X        X                                                                              
 400.0  X        X        X        X        X                                                                              
 300.0  X        X        X        X        X                                                                              
 250.0  X        X        X        X        X                                                                              
 200.0  X        X        X        X        X                                                                              
 150.0  X        X        X        X        X                                                                              
 100.0  X        X        X        X        X                                                                              
  70.0  X        X        X        X        X                                                                              
  50.0  X        X        X        X        X                                                                              
  30.0  X        X        X        X        X                                                                              
  20.0  X        X        X        X        X                                                                              
  10.0  X        X        X        X        X                                                                              
   7.0  X        X        X        X        X                                                                              
   5.0  X        X        X        X        X                                                                              
   3.0  X        X        X        X        X                                                                              
   2.0  X        X        X        X        X                                                                              
   1.0  X        X        X        X        X                                                                              
-------------------------------------------------------------------------------

###############################################################################

Inventory for date = 2020-10-01 15:00:00

PRES   TT        UU        VV        RH        GEOPT     HGT       PSFC      PMSL      LANDSEA   SOILHGT   SKINTEMP  SNOWH     SNOW     
-------------------------------------------------------------------------------
2013.0  O        O        O        O        O        O        O        X        O        O        O        O        O      
2001.0  X        O        O        X        O        O        X        O        X        X        X        X        X      
-------------------------------------------------------------------------------

###############################################################################

Inventory for date = 2020-10-02 12:00:00

PRES   TT        UU        VV        RH        GEOPT     HGT       PSFC      PMSL      LANDSEA   SOILHGT   SKINTEMP  SNOWH     SNOW     
-------------------------------------------------------------------------------
2001.0  O        X        X        O        O        O        O        O        O        O        O        O        O      
-------------------------------------------------------------------------------

###############################################################################

Inventory for date = 2020-10-01 09:00:00

PRES   TT        UU        VV        RH        GEOPT     HGT       PSFC      PMSL      LANDSEA   SOILHGT   SKINTEMP  SNOWH     SNOW     
-------------------------------------------------------------------------------
2013.0  O        O        O        O        O        O        O        X        O        O        O        O        O      
2001.0  X        O        O        X        O        O        X        O        X        X        X        X        X      
-------------------------------------------------------------------------------

###############################################################################

Inventory for date = 2020-10-01 06:00:00

PRES   TT        UU        VV        RH        GEOPT     HGT       PSFC      PMSL      LANDSEA   SOILHGT   SKINTEMP  SNOWH     SNOW     
-------------------------------------------------------------------------------
2001.0  O        X        X        O        O        O        O        O        O        O        O        O        O      
-------------------------------------------------------------------------------

###############################################################################

Inventory for date = 2020-10-02 21:00:00

PRES   TT        UU        VV        RH        GEOPT     HGT       PSFC      PMSL      LANDSEA   SOILHGT   SKINTEMP  SNOWH     SNOW     
-------------------------------------------------------------------------------
2001.0  O        X        X        O        O        O        O        O        O        O        O        O        O      
-------------------------------------------------------------------------------

###############################################################################

Inventory for date = 2020-10-03 12:00:00

PRES   TT        UU        VV        RH        GEOPT     HGT       PSFC      PMSL      LANDSEA   SOILHGT   SKINTEMP  SNOWH     SNOW     
-------------------------------------------------------------------------------
1000.0  X        X        X        X        X                                                                              
 975.0  X        X        X        X        X                                                                              
 950.0  X        X        X        X        X                                                                              
 925.0  X        X        X        X        X                                                                              
 900.0  X        X        X        X        X                                                                              
 875.0  X        X        X        X        X                                                                              
 850.0  X        X        X        X        X                                                                              
 825.0  X        X        X        X        X                                                                              
 800.0  X        X        X        X        X                                                                              
 750.0  X        X        X        X        X                                                                              
 700.0  X        X        X        X        X                                                                              
 600.0  X        X        X        X        X                                                                              
 500.0  X        X        X        X        X                                                                              
 400.0  X        X        X        X        X                                                                              
 300.0  X        X        X        X        X                                                                              
 250.0  X        X        X        X        X                                                                              
 200.0  X        X        X        X        X                                                                              
 150.0  X        X        X        X        X                                                                              
 100.0  X        X        X        X        X                                                                              
  70.0  X        X        X        X        X                                                                              
  50.0  X        X        X        X        X                                                                              
  30.0  X        X        X        X        X                                                                              
  20.0  X        X        X        X        X                                                                              
  10.0  X        X        X        X        X                                                                              
   7.0  X        X        X        X        X                                                                              
   5.0  X        X        X        X        X                                                                              
   3.0  X        X        X        X        X                                                                              
   2.0  X        X        X        X        X                                                                              
   1.0  X        X        X        X        X                                                                              
-------------------------------------------------------------------------------

###############################################################################

Inventory for date = 2020-10-04 03:00:00

PRES   TT        UU        VV        RH        GEOPT     HGT       PSFC      PMSL      LANDSEA   SOILHGT   SKINTEMP  SNOWH     SNOW     
-------------------------------------------------------------------------------
2013.0  O        O        O        O        O        O        O        X        O        O        O        O        O      
2001.0  X        O        O        X        O        O        X        O        X        X        X        X        X      
-------------------------------------------------------------------------------

###############################################################################

Inventory for date = 2020-10-05 06:00:00

PRES   TT        UU        VV        RH        GEOPT     HGT       PSFC      PMSL      LANDSEA   SOILHGT   SKINTEMP  SNOWH     SNOW     
-------------------------------------------------------------------------------
2001.0  O        X        X        O        O        O        O        O        O        O        O        O        O      
-------------------------------------------------------------------------------

###############################################################################

Inventory for date = 2020-10-02 18:00:00

PRES   TT        UU        VV        RH        GEOPT     HGT       PSFC      PMSL      LANDSEA   SOILHGT   SKINTEMP  SNOWH     SNOW     
-------------------------------------------------------------------------------
2013.0  O        O        O        O        O        O        O        X        O        O        O        O        O      
2001.0  X        O        O        X        O        O        X        O        X        X        X        X        X      
-------------------------------------------------------------------------------

###############################################################################

Inventory for date = 2020-10-03 00:00:00

PRES   TT        UU        VV        RH        GEOPT     HGT       PSFC      PMSL      LANDSEA   SOILHGT   SKINTEMP  SNOWH     SNOW     
-------------------------------------------------------------------------------
2013.0  O        O        O        O        O        O        O        X        O        O        O        O        O      
2001.0  X        O        O        X        O        O        X        O        X        X        X        X        X      
-------------------------------------------------------------------------------

###############################################################################

Inventory for date = 2020-10-03 06:00:00

PRES   TT        UU        VV        RH        GEOPT     HGT       PSFC      PMSL      LANDSEA   SOILHGT   SKINTEMP  SNOWH     SNOW     
-------------------------------------------------------------------------------
2013.0  O        O        O        O        O        O        O        X        O        O        O        O        O      
2001.0  X        O        O        X        O        O        X        O        X        X        X        X        X      
-------------------------------------------------------------------------------

###############################################################################

Inventory for date = 2020-09-30 12:00:00

PRES   TT        UU        VV        RH        GEOPT     HGT       PSFC      PMSL      LANDSEA   SOILHGT   SKINTEMP  SNOWH     SNOW     
-------------------------------------------------------------------------------
1000.0  X        X        X        X        X                                                                              
 975.0  X        X        X        X        X                                                                              
 950.0  X        X        X        X        X                                                                              
 925.0  X        X        X        X        X                                                                              
 900.0  X        X        X        X        X                                                                              
 875.0  X        X        X        X        X                                                                              
 850.0  X        X        X        X        X                                                                              
 825.0  X        X        X        X        X                                                                              
 800.0  X        X        X        X        X                                                                              
 750.0  X        X        X        X        X                                                                              
 700.0  X        X        X        X        X                                                                              
 600.0  X        X        X        X        X                                                                              
 500.0  X        X        X        X        X                                                                              
 400.0  X        X        X        X        X                                                                              
 300.0  X        X        X        X        X                                                                              
 250.0  X        X        X        X        X                                                                              
 200.0  X        X        X        X        X                                                                              
 150.0  X        X        X        X        X                                                                              
 100.0  X        X        X        X        X                                                                              
  70.0  X        X        X        X        X                                                                              
  50.0  X        X        X        X        X                                                                              
  30.0  X        X        X        X        X                                                                              
  20.0  X        X        X        X        X                                                                              
  10.0  X        X        X        X        X                                                                              
   7.0  X        X        X        X        X                                                                              
   5.0  X        X        X        X        X                                                                              
   3.0  X        X        X        X        X                                                                              
   2.0  X        X        X        X        X                                                                              
   1.0  X        X        X        X        X                                                                              
-------------------------------------------------------------------------------

###############################################################################

Inventory for date = 2020-10-01 18:00:00

PRES   TT        UU        VV        RH        GEOPT     HGT       PSFC      PMSL      LANDSEA   SOILHGT   SKINTEMP  SNOWH     SNOW     
-------------------------------------------------------------------------------
1000.0  X        X        X        X        X                                                                              
 975.0  X        X        X        X        X                                                                              
 950.0  X        X        X        X        X                                                                              
 925.0  X        X        X        X        X                                                                              
 900.0  X        X        X        X        X                                                                              
 875.0  X        X        X        X        X                                                                              
 850.0  X        X        X        X        X                                                                              
 825.0  X        X        X        X        X                                                                              
 800.0  X        X        X        X        X                                                                              
 750.0  X        X        X        X        X                                                                              
 700.0  X        X        X        X        X                                                                              
 600.0  X        X        X        X        X                                                                              
 500.0  X        X        X        X        X                                                                              
 400.0  X        X        X        X        X                                                                              
 300.0  X        X        X        X        X                                                                              
 250.0  X        X        X        X        X                                                                              
 200.0  X        X        X        X        X                                                                              
 150.0  X        X        X        X        X                                                                              
 100.0  X        X        X        X        X                                                                              
  70.0  X        X        X        X        X                                                                              
  50.0  X        X        X        X        X                                                                              
  30.0  X        X        X        X        X                                                                              
  20.0  X        X        X        X        X                                                                              
  10.0  X        X        X        X        X                                                                              
   7.0  X        X        X        X        X                                                                              
   5.0  X        X        X        X        X                                                                              
   3.0  X        X        X        X        X                                                                              
   2.0  X        X        X        X        X                                                                              
   1.0  X        X        X        X        X                                                                              
-------------------------------------------------------------------------------

###############################################################################

Inventory for date = 2020-10-06 00:00:00

PRES   TT        UU        VV        RH        GEOPT     HGT       PSFC      PMSL      LANDSEA   SOILHGT   SKINTEMP  SNOWH     SNOW     
-------------------------------------------------------------------------------
2001.0  O        X        X        O        O        O        O        O        O        O        O        O        O      
-------------------------------------------------------------------------------

###############################################################################

Inventory for date = 2020-09-30 15:00:00

PRES   TT        UU        VV        RH        GEOPT     HGT       PSFC      PMSL      LANDSEA   SOILHGT   SKINTEMP  SNOWH     SNOW     
-------------------------------------------------------------------------------
2001.0  O        X        X        O        O        O        O        O        O        O        O        O        O      
-------------------------------------------------------------------------------

###############################################################################

Inventory for date = 2020-10-02 15:00:00

PRES   TT        UU        VV        RH        GEOPT     HGT       PSFC      PMSL      LANDSEA   SOILHGT   SKINTEMP  SNOWH     SNOW     
-------------------------------------------------------------------------------
1000.0  X        X        X        X        X                                                                              
 975.0  X        X        X        X        X                                                                              
 950.0  X        X        X        X        X                                                                              
 925.0  X        X        X        X        X                                                                              
 900.0  X        X        X        X        X                                                                              
 875.0  X        X        X        X        X                                                                              
 850.0  X        X        X        X        X                                                                              
 825.0  X        X        X        X        X                                                                              
 800.0  X        X        X        X        X                                                                              
 750.0  X        X        X        X        X                                                                              
 700.0  X        X        X        X        X                                                                              
 600.0  X        X        X        X        X                                                                              
 500.0  X        X        X        X        X                                                                              
 400.0  X        X        X        X        X                                                                              
 300.0  X        X        X        X        X                                                                              
 250.0  X        X        X        X        X                                                                              
 200.0  X        X        X        X        X                                                                              
 150.0  X        X        X        X        X                                                                              
 100.0  X        X        X        X        X                                                                              
  70.0  X        X        X        X        X                                                                              
  50.0  X        X        X        X        X                                                                              
  30.0  X        X        X        X        X                                                                              
  20.0  X        X        X        X        X                                                                              
  10.0  X        X        X        X        X                                                                              
   7.0  X        X        X        X        X                                                                              
   5.0  X        X        X        X        X                                                                              
   3.0  X        X        X        X        X                                                                              
   2.0  X        X        X        X        X                                                                              
   1.0  X        X        X        X        X                                                                              
-------------------------------------------------------------------------------

###############################################################################

Inventory for date = 2020-10-01 12:00:00

PRES   TT        UU        VV        RH        GEOPT     HGT       PSFC      PMSL      LANDSEA   SOILHGT   SKINTEMP  SNOWH     SNOW     
-------------------------------------------------------------------------------
2001.0  O        X        X        O        O        O        O        O        O        O        O        O        O      
-------------------------------------------------------------------------------

###############################################################################

Inventory for date = 2020-10-04 18:00:00

PRES   TT        UU        VV        RH        GEOPT     HGT       PSFC      PMSL      LANDSEA   SOILHGT   SKINTEMP  SNOWH     SNOW     
-------------------------------------------------------------------------------
2001.0  O        X        X        O        O        O        O        O        O        O        O        O        O      
-------------------------------------------------------------------------------

###############################################################################

Inventory for date = 2020-09-30 18:00:00

PRES   TT        UU        VV        RH        GEOPT     HGT       PSFC      PMSL      LANDSEA   SOILHGT   SKINTEMP  SNOWH     SNOW     
-------------------------------------------------------------------------------
1000.0  X        X        X        X        X                                                                              
 975.0  X        X        X        X        X                                                                              
 950.0  X        X        X        X        X                                                                              
 925.0  X        X        X        X        X                                                                              
 900.0  X        X        X        X        X                                                                              
 875.0  X        X        X        X        X                                                                              
 850.0  X        X        X        X        X                                                                              
 825.0  X        X        X        X        X                                                                              
 800.0  X        X        X        X        X                                                                              
 750.0  X        X        X        X        X                                                                              
 700.0  X        X        X        X        X                                                                              
 600.0  X        X        X        X        X                                                                              
 500.0  X        X        X        X        X                                                                              
 400.0  X        X        X        X        X                                                                              
 300.0  X        X        X        X        X                                                                              
 250.0  X        X        X        X        X                                                                              
 200.0  X        X        X        X        X                                                                              
 150.0  X        X        X        X        X                                                                              
 100.0  X        X        X        X        X                                                                              
  70.0  X        X        X        X        X                                                                              
  50.0  X        X        X        X        X                                                                              
  30.0  X        X        X        X        X                                                                              
  20.0  X        X        X        X        X                                                                              
  10.0  X        X        X        X        X                                                                              
   7.0  X        X        X        X        X                                                                              
   5.0  X        X        X        X        X                                                                              
   3.0  X        X        X        X        X                                                                              
   2.0  X        X        X        X        X                                                                              
   1.0  X        X        X        X        X                                                                              
-------------------------------------------------------------------------------

###############################################################################

Inventory for date = 2020-10-05 18:00:00

PRES   TT        UU        VV        RH        GEOPT     HGT       PSFC      PMSL      LANDSEA   SOILHGT   SKINTEMP  SNOWH     SNOW     
-------------------------------------------------------------------------------
1000.0  X        X        X        X        X                                                                              
 975.0  X        X        X        X        X                                                                              
 950.0  X        X        X        X        X                                                                              
 925.0  X        X        X        X        X                                                                              
 900.0  X        X        X        X        X                                                                              
 875.0  X        X        X        X        X                                                                              
 850.0  X        X        X        X        X                                                                              
 825.0  X        X        X        X        X                                                                              
 800.0  X        X        X        X        X                                                                              
 750.0  X        X        X        X        X                                                                              
 700.0  X        X        X        X        X                                                                              
 600.0  X        X        X        X        X                                                                              
 500.0  X        X        X        X        X                                                                              
 400.0  X        X        X        X        X                                                                              
 300.0  X        X        X        X        X                                                                              
 250.0  X        X        X        X        X                                                                              
 200.0  X        X        X        X        X                                                                              
 150.0  X        X        X        X        X                                                                              
 100.0  X        X        X        X        X                                                                              
  70.0  X        X        X        X        X                                                                              
  50.0  X        X        X        X        X                                                                              
  30.0  X        X        X        X        X                                                                              
  20.0  X        X        X        X        X                                                                              
  10.0  X        X        X        X        X                                                                              
   7.0  X        X        X        X        X                                                                              
   5.0  X        X        X        X        X                                                                              
   3.0  X        X        X        X        X                                                                              
   2.0  X        X        X        X        X                                                                              
   1.0  X        X        X        X        X                                                                              
-------------------------------------------------------------------------------

###############################################################################

Inventory for date = 2020-10-06 00:00:00

PRES   TT        UU        VV        RH        GEOPT     HGT       PSFC      PMSL      LANDSEA   SOILHGT   SKINTEMP  SNOWH     SNOW     
-------------------------------------------------------------------------------
1000.0  X        X        X        X        X                                                                              
 975.0  X        X        X        X        X                                                                              
 950.0  X        X        X        X        X                                                                              
 925.0  X        X        X        X        X                                                                              
 900.0  X        X        X        X        X                                                                              
 875.0  X        X        X        X        X                                                                              
 850.0  X        X        X        X        X                                                                              
 825.0  X        X        X        X        X                                                                              
 800.0  X        X        X        X        X                                                                              
 750.0  X        X        X        X        X                                                                              
 700.0  X        X        X        X        X                                                                              
 600.0  X        X        X        X        X                                                                              
 500.0  X        X        X        X        X                                                                              
 400.0  X        X        X        X        X                                                                              
 300.0  X        X        X        X        X                                                                              
 250.0  X        X        X        X        X                                                                              
 200.0  X        X        X        X        X                                                                              
 150.0  X        X        X        X        X                                                                              
 100.0  X        X        X        X        X                                                                              
  70.0  X        X        X        X        X                                                                              
  50.0  X        X        X        X        X                                                                              
  30.0  X        X        X        X        X                                                                              
  20.0  X        X        X        X        X                                                                              
  10.0  X        X        X        X        X                                                                              
   7.0  X        X        X        X        X                                                                              
   5.0  X        X        X        X        X                                                                              
   3.0  X        X        X        X        X                                                                              
   2.0  X        X        X        X        X                                                                              
   1.0  X        X        X        X        X                                                                              
-------------------------------------------------------------------------------

###############################################################################

Inventory for date = 2020-10-02 09:00:00

PRES   TT        UU        VV        RH        GEOPT     HGT       PSFC      PMSL      LANDSEA   SOILHGT   SKINTEMP  SNOWH     SNOW     
-------------------------------------------------------------------------------
2013.0  O        O        O        O        O        O        O        X        O        O        O        O        O      
2001.0  X        O        O        X        O        O        X        O        X        X        X        X        X      
-------------------------------------------------------------------------------

###############################################################################

Inventory for date = 2020-10-05 15:00:00

PRES   TT        UU        VV        RH        GEOPT     HGT       PSFC      PMSL      LANDSEA   SOILHGT   SKINTEMP  SNOWH     SNOW     
-------------------------------------------------------------------------------
2013.0  O        O        O        O        O        O        O        X        O        O        O        O        O      
2001.0  X        O        O        X        O        O        X        O        X        X        X        X        X      
-------------------------------------------------------------------------------

###############################################################################

Inventory for date = 2020-10-04 12:00:00

PRES   TT        UU        VV        RH        GEOPT     HGT       PSFC      PMSL      LANDSEA   SOILHGT   SKINTEMP  SNOWH     SNOW     
-------------------------------------------------------------------------------
1000.0  X        X        X        X        X                                                                              
 975.0  X        X        X        X        X                                                                              
 950.0  X        X        X        X        X                                                                              
 925.0  X        X        X        X        X                                                                              
 900.0  X        X        X        X        X                                                                              
 875.0  X        X        X        X        X                                                                              
 850.0  X        X        X        X        X                                                                              
 825.0  X        X        X        X        X                                                                              
 800.0  X        X        X        X        X                                                                              
 750.0  X        X        X        X        X                                                                              
 700.0  X        X        X        X        X                                                                              
 600.0  X        X        X        X        X                                                                              
 500.0  X        X        X        X        X                                                                              
 400.0  X        X        X        X        X                                                                              
 300.0  X        X        X        X        X                                                                              
 250.0  X        X        X        X        X                                                                              
 200.0  X        X        X        X        X                                                                              
 150.0  X        X        X        X        X                                                                              
 100.0  X        X        X        X        X                                                                              
  70.0  X        X        X        X        X                                                                              
  50.0  X        X        X        X        X                                                                              
  30.0  X        X        X        X        X                                                                              
  20.0  X        X        X        X        X                                                                              
  10.0  X        X        X        X        X                                                                              
   7.0  X        X        X        X        X                                                                              
   5.0  X        X        X        X        X                                                                              
   3.0  X        X        X        X        X                                                                              
   2.0  X        X        X        X        X                                                                              
   1.0  X        X        X        X        X                                                                              
-------------------------------------------------------------------------------

###############################################################################

Inventory for date = 2020-10-05 03:00:00

PRES   TT        UU        VV        RH        GEOPT     HGT       PSFC      PMSL      LANDSEA   SOILHGT   SKINTEMP  SNOWH     SNOW     
-------------------------------------------------------------------------------
1000.0  X        X        X        X        X                                                                              
 975.0  X        X        X        X        X                                                                              
 950.0  X        X        X        X        X                                                                              
 925.0  X        X        X        X        X                                                                              
 900.0  X        X        X        X        X                                                                              
 875.0  X        X        X        X        X                                                                              
 850.0  X        X        X        X        X                                                                              
 825.0  X        X        X        X        X                                                                              
 800.0  X        X        X        X        X                                                                              
 750.0  X        X        X        X        X                                                                              
 700.0  X        X        X        X        X                                                                              
 600.0  X        X        X        X        X                                                                              
 500.0  X        X        X        X        X                                                                              
 400.0  X        X        X        X        X                                                                              
 300.0  X        X        X        X        X                                                                              
 250.0  X        X        X        X        X                                                                              
 200.0  X        X        X        X        X                                                                              
 150.0  X        X        X        X        X                                                                              
 100.0  X        X        X        X        X                                                                              
  70.0  X        X        X        X        X                                                                              
  50.0  X        X        X        X        X                                                                              
  30.0  X        X        X        X        X                                                                              
  20.0  X        X        X        X        X                                                                              
  10.0  X        X        X        X        X                                                                              
   7.0  X        X        X        X        X                                                                              
   5.0  X        X        X        X        X                                                                              
   3.0  X        X        X        X        X                                                                              
   2.0  X        X        X        X        X                                                                              
   1.0  X        X        X        X        X                                                                              
-------------------------------------------------------------------------------

###############################################################################

Inventory for date = 2020-10-05 12:00:00

PRES   TT        UU        VV        RH        GEOPT     HGT       PSFC      PMSL      LANDSEA   SOILHGT   SKINTEMP  SNOWH     SNOW     
-------------------------------------------------------------------------------
2001.0  O        X        X        O        O        O        O        O        O        O        O        O        O      
-------------------------------------------------------------------------------

###############################################################################

Inventory for date = 2020-10-05 21:00:00

PRES   TT        UU        VV        RH        GEOPT     HGT       PSFC      PMSL      LANDSEA   SOILHGT   SKINTEMP  SNOWH     SNOW     
-------------------------------------------------------------------------------
2001.0  O        X        X        O        O        O        O        O        O        O        O        O        O      
-------------------------------------------------------------------------------

###############################################################################

Inventory for date = 2020-10-03 00:00:00

PRES   TT        UU        VV        RH        GEOPT     HGT       PSFC      PMSL      LANDSEA   SOILHGT   SKINTEMP  SNOWH     SNOW     
-------------------------------------------------------------------------------
1000.0  X        X        X        X        X                                                                              
 975.0  X        X        X        X        X                                                                              
 950.0  X        X        X        X        X                                                                              
 925.0  X        X        X        X        X                                                                              
 900.0  X        X        X        X        X                                                                              
 875.0  X        X        X        X        X                                                                              
 850.0  X        X        X        X        X                                                                              
 825.0  X        X        X        X        X                                                                              
 800.0  X        X        X        X        X                                                                              
 750.0  X        X        X        X        X                                                                              
 700.0  X        X        X        X        X                                                                              
 600.0  X        X        X        X        X                                                                              
 500.0  X        X        X        X        X                                                                              
 400.0  X        X        X        X        X                                                                              
 300.0  X        X        X        X        X                                                                              
 250.0  X        X        X        X        X                                                                              
 200.0  X        X        X        X        X                                                                              
 150.0  X        X        X        X        X                                                                              
 100.0  X        X        X        X        X                                                                              
  70.0  X        X        X        X        X                                                                              
  50.0  X        X        X        X        X                                                                              
  30.0  X        X        X        X        X                                                                              
  20.0  X        X        X        X        X                                                                              
  10.0  X        X        X        X        X                                                                              
   7.0  X        X        X        X        X                                                                              
   5.0  X        X        X        X        X                                                                              
   3.0  X        X        X        X        X                                                                              
   2.0  X        X        X        X        X                                                                              
   1.0  X        X        X        X        X                                                                              
-------------------------------------------------------------------------------

###############################################################################

Inventory for date = 2020-10-01 00:00:00

PRES   TT        UU        VV        RH        GEOPT     HGT       PSFC      PMSL      LANDSEA   SOILHGT   SKINTEMP  SNOWH     SNOW     
-------------------------------------------------------------------------------
2001.0  O        X        X        O        O        O        O        O        O        O        O        O        O      
-------------------------------------------------------------------------------

###############################################################################

Inventory for date = 2020-10-02 06:00:00

PRES   TT        UU        VV        RH        GEOPT     HGT       PSFC      PMSL      LANDSEA   SOILHGT   SKINTEMP  SNOWH     SNOW     
-------------------------------------------------------------------------------
1000.0  X        X        X        X        X                                                                              
 975.0  X        X        X        X        X                                                                              
 950.0  X        X        X        X        X                                                                              
 925.0  X        X        X        X        X                                                                              
 900.0  X        X        X        X        X                                                                              
 875.0  X        X        X        X        X                                                                              
 850.0  X        X        X        X        X                                                                              
 825.0  X        X        X        X        X                                                                              
 800.0  X        X        X        X        X                                                                              
 750.0  X        X        X        X        X                                                                              
 700.0  X        X        X        X        X                                                                              
 600.0  X        X        X        X        X                                                                              
 500.0  X        X        X        X        X                                                                              
 400.0  X        X        X        X        X                                                                              
 300.0  X        X        X        X        X                                                                              
 250.0  X        X        X        X        X                                                                              
 200.0  X        X        X        X        X                                                                              
 150.0  X        X        X        X        X                                                                              
 100.0  X        X        X        X        X                                                                              
  70.0  X        X        X        X        X                                                                              
  50.0  X        X        X        X        X                                                                              
  30.0  X        X        X        X        X                                                                              
  20.0  X        X        X        X        X                                                                              
  10.0  X        X        X        X        X                                                                              
   7.0  X        X        X        X        X                                                                              
   5.0  X        X        X        X        X                                                                              
   3.0  X        X        X        X        X                                                                              
   2.0  X        X        X        X        X                                                                              
   1.0  X        X        X        X        X                                                                              
-------------------------------------------------------------------------------

###############################################################################

Inventory for date = 2020-09-30 21:00:00

PRES   TT        UU        VV        RH        GEOPT     HGT       PSFC      PMSL      LANDSEA   SOILHGT   SKINTEMP  SNOWH     SNOW     
-------------------------------------------------------------------------------
2001.0  O        X        X        O        O        O        O        O        O        O        O        O        O      
-------------------------------------------------------------------------------

###############################################################################

Inventory for date = 2020-10-04 00:00:00

PRES   TT        UU        VV        RH        GEOPT     HGT       PSFC      PMSL      LANDSEA   SOILHGT   SKINTEMP  SNOWH     SNOW     
-------------------------------------------------------------------------------
2001.0  O        X        X        O        O        O        O        O        O        O        O        O        O      
-------------------------------------------------------------------------------

###############################################################################

Inventory for date = 2020-10-02 00:00:00

PRES   TT        UU        VV        RH        GEOPT     HGT       PSFC      PMSL      LANDSEA   SOILHGT   SKINTEMP  SNOWH     SNOW     
-------------------------------------------------------------------------------
2001.0  O        X        X        O        O        O        O        O        O        O        O        O        O      
-------------------------------------------------------------------------------

###############################################################################

Inventory for date = 2020-10-03 00:00:00

PRES   TT        UU        VV        RH        GEOPT     HGT       PSFC      PMSL      LANDSEA   SOILHGT   SKINTEMP  SNOWH     SNOW     
-------------------------------------------------------------------------------
2001.0  O        X        X        O        O        O        O        O        O        O        O        O        O      
-------------------------------------------------------------------------------

###############################################################################

Inventory for date = 2020-10-03 09:00:00

PRES   TT        UU        VV        RH        GEOPT     HGT       PSFC      PMSL      LANDSEA   SOILHGT   SKINTEMP  SNOWH     SNOW     
-------------------------------------------------------------------------------
2013.0  O        O        O        O        O        O        O        X        O        O        O        O        O      
2001.0  X        O        O        X        O        O        X        O        X        X        X        X        X      
-------------------------------------------------------------------------------

###############################################################################

Inventory for date = 2020-10-03 09:00:00

PRES   TT        UU        VV        RH        GEOPT     HGT       PSFC      PMSL      LANDSEA   SOILHGT   SKINTEMP  SNOWH     SNOW     
-------------------------------------------------------------------------------
2001.0  O        X        X        O        O        O        O        O        O        O        O        O        O      
-------------------------------------------------------------------------------

###############################################################################

Inventory for date = 2020-10-05 00:00:00

PRES   TT        UU        VV        RH        GEOPT     HGT       PSFC      PMSL      LANDSEA   SOILHGT   SKINTEMP  SNOWH     SNOW     
-------------------------------------------------------------------------------
2001.0  O        X        X        O        O        O        O        O        O        O        O        O        O      
-------------------------------------------------------------------------------

###############################################################################

Inventory for date = 2020-10-01 15:00:00

PRES   TT        UU        VV        RH        GEOPT     HGT       PSFC      PMSL      LANDSEA   SOILHGT   SKINTEMP  SNOWH     SNOW     
-------------------------------------------------------------------------------
2001.0  O        X        X        O        O        O        O        O        O        O        O        O        O      
-------------------------------------------------------------------------------

###############################################################################

Inventory for date = 2020-10-04 09:00:00

PRES   TT        UU        VV        RH        GEOPT     HGT       PSFC      PMSL      LANDSEA   SOILHGT   SKINTEMP  SNOWH     SNOW     
-------------------------------------------------------------------------------
1000.0  X        X        X        X        X                                                                              
 975.0  X        X        X        X        X                                                                              
 950.0  X        X        X        X        X                                                                              
 925.0  X        X        X        X        X                                                                              
 900.0  X        X        X        X        X                                                                              
 875.0  X        X        X        X        X                                                                              
 850.0  X        X        X        X        X                                                                              
 825.0  X        X        X        X        X                                                                              
 800.0  X        X        X        X        X                                                                              
 750.0  X        X        X        X        X                                                                              
 700.0  X        X        X        X        X                                                                              
 600.0  X        X        X        X        X                                                                              
 500.0  X        X        X        X        X                                                                              
 400.0  X        X        X        X        X                                                                              
 300.0  X        X        X        X        X                                                                              
 250.0  X        X        X        X        X                                                                              
 200.0  X        X        X        X        X                                                                              
 150.0  X        X        X        X        X                                                                              
 100.0  X        X        X        X        X                                                                              
  70.0  X        X        X        X        X                                                                              
  50.0  X        X        X        X        X                                                                              
  30.0  X        X        X        X        X                                                                              
  20.0  X        X        X        X        X                                                                              
  10.0  X        X        X        X        X                                                                              
   7.0  X        X        X        X        X                                                                              
   5.0  X        X        X        X        X                                                                              
   3.0  X        X        X        X        X                                                                              
   2.0  X        X        X        X        X                                                                              
   1.0  X        X        X        X        X                                                                              
-------------------------------------------------------------------------------

###############################################################################

Inventory for date = 2020-10-02 12:00:00

PRES   TT        UU        VV        RH        GEOPT     HGT       PSFC      PMSL      LANDSEA   SOILHGT   SKINTEMP  SNOWH     SNOW     
-------------------------------------------------------------------------------
1000.0  X        X        X        X        X                                                                              
 975.0  X        X        X        X        X                                                                              
 950.0  X        X        X        X        X                                                                              
 925.0  X        X        X        X        X                                                                              
 900.0  X        X        X        X        X                                                                              
 875.0  X        X        X        X        X                                                                              
 850.0  X        X        X        X        X                                                                              
 825.0  X        X        X        X        X                                                                              
 800.0  X        X        X        X        X                                                                              
 750.0  X        X        X        X        X                                                                              
 700.0  X        X        X        X        X                                                                              
 600.0  X        X        X        X        X                                                                              
 500.0  X        X        X        X        X                                                                              
 400.0  X        X        X        X        X                                                                              
 300.0  X        X        X        X        X                                                                              
 250.0  X        X        X        X        X                                                                              
 200.0  X        X        X        X        X                                                                              
 150.0  X        X        X        X        X                                                                              
 100.0  X        X        X        X        X                                                                              
  70.0  X        X        X        X        X                                                                              
  50.0  X        X        X        X        X                                                                              
  30.0  X        X        X        X        X                                                                              
  20.0  X        X        X        X        X                                                                              
  10.0  X        X        X        X        X                                                                              
   7.0  X        X        X        X        X                                                                              
   5.0  X        X        X        X        X                                                                              
   3.0  X        X        X        X        X                                                                              
   2.0  X        X        X        X        X                                                                              
   1.0  X        X        X        X        X                                                                              
-------------------------------------------------------------------------------

###############################################################################

Inventory for date = 2020-09-30 12:00:00

PRES   TT        UU        VV        RH        GEOPT     HGT       PSFC      PMSL      LANDSEA   SOILHGT   SKINTEMP  SNOWH     SNOW     
-------------------------------------------------------------------------------
2013.0  O        O        O        O        O        O        O        X        O        O        O        O        O      
2001.0  X        O        O        X        O        O        X        O        X        X        X        X        X      
-------------------------------------------------------------------------------

###############################################################################

Inventory for date = 2020-10-01 09:00:00

PRES   TT        UU        VV        RH        GEOPT     HGT       PSFC      PMSL      LANDSEA   SOILHGT   SKINTEMP  SNOWH     SNOW     
-------------------------------------------------------------------------------
2001.0  O        X        X        O        O        O        O        O        O        O        O        O        O      
-------------------------------------------------------------------------------

###############################################################################

Inventory for date = 2020-10-03 03:00:00

PRES   TT        UU        VV        RH        GEOPT     HGT       PSFC      PMSL      LANDSEA   SOILHGT   SKINTEMP  SNOWH     SNOW     
-------------------------------------------------------------------------------
2013.0  O        O        O        O        O        O        O        X        O        O        O        O        O      
2001.0  X        O        O        X        O        O        X        O        X        X        X        X        X      
-------------------------------------------------------------------------------

###############################################################################

Inventory for date = 2020-10-04 21:00:00

PRES   TT        UU        VV        RH        GEOPT     HGT       PSFC      PMSL      LANDSEA   SOILHGT   SKINTEMP  SNOWH     SNOW     
-------------------------------------------------------------------------------
2013.0  O        O        O        O        O        O        O        X        O        O        O        O        O      
2001.0  X        O        O        X        O        O        X        O        X        X        X        X        X      
-------------------------------------------------------------------------------

###############################################################################

Inventory for date = 2020-10-05 12:00:00

PRES   TT        UU        VV        RH        GEOPT     HGT       PSFC      PMSL      LANDSEA   SOILHGT   SKINTEMP  SNOWH     SNOW     
-------------------------------------------------------------------------------
2013.0  O        O        O        O        O        O        O        X        O        O        O        O        O      
2001.0  X        O        O        X        O        O        X        O        X        X        X        X        X      
-------------------------------------------------------------------------------

###############################################################################

Inventory for date = 2020-10-01 09:00:00

PRES   TT        UU        VV        RH        GEOPT     HGT       PSFC      PMSL      LANDSEA   SOILHGT   SKINTEMP  SNOWH     SNOW     
-------------------------------------------------------------------------------
1000.0  X        X        X        X        X                                                                              
 975.0  X        X        X        X        X                                                                              
 950.0  X        X        X        X        X                                                                              
 925.0  X        X        X        X        X                                                                              
 900.0  X        X        X        X        X                                                                              
 875.0  X        X        X        X        X                                                                              
 850.0  X        X        X        X        X                                                                              
 825.0  X        X        X        X        X                                                                              
 800.0  X        X        X        X        X                                                                              
 750.0  X        X        X        X        X                                                                              
 700.0  X        X        X        X        X                                                                              
 600.0  X        X        X        X        X                                                                              
 500.0  X        X        X        X        X                                                                              
 400.0  X        X        X        X        X                                                                              
 300.0  X        X        X        X        X                                                                              
 250.0  X        X        X        X        X                                                                              
 200.0  X        X        X        X        X                                                                              
 150.0  X        X        X        X        X                                                                              
 100.0  X        X        X        X        X                                                                              
  70.0  X        X        X        X        X                                                                              
  50.0  X        X        X        X        X                                                                              
  30.0  X        X        X        X        X                                                                              
  20.0  X        X        X        X        X                                                                              
  10.0  X        X        X        X        X                                                                              
   7.0  X        X        X        X        X                                                                              
   5.0  X        X        X        X        X                                                                              
   3.0  X        X        X        X        X                                                                              
   2.0  X        X        X        X        X                                                                              
   1.0  X        X        X        X        X                                                                              
-------------------------------------------------------------------------------

###############################################################################

Inventory for date = 2020-10-01 03:00:00

PRES   TT        UU        VV        RH        GEOPT     HGT       PSFC      PMSL      LANDSEA   SOILHGT   SKINTEMP  SNOWH     SNOW     
-------------------------------------------------------------------------------
1000.0  X        X        X        X        X                                                                              
 975.0  X        X        X        X        X                                                                              
 950.0  X        X        X        X        X                                                                              
 925.0  X        X        X        X        X                                                                              
 900.0  X        X        X        X        X                                                                              
 875.0  X        X        X        X        X                                                                              
 850.0  X        X        X        X        X                                                                              
 825.0  X        X        X        X        X                                                                              
 800.0  X        X        X        X        X                                                                              
 750.0  X        X        X        X        X                                                                              
 700.0  X        X        X        X        X                                                                              
 600.0  X        X        X        X        X                                                                              
 500.0  X        X        X        X        X                                                                              
 400.0  X        X        X        X        X                                                                              
 300.0  X        X        X        X        X                                                                              
 250.0  X        X        X        X        X                                                                              
 200.0  X        X        X        X        X                                                                              
 150.0  X        X        X        X        X                                                                              
 100.0  X        X        X        X        X                                                                              
  70.0  X        X        X        X        X                                                                              
  50.0  X        X        X        X        X                                                                              
  30.0  X        X        X        X        X                                                                              
  20.0  X        X        X        X        X                                                                              
  10.0  X        X        X        X        X                                                                              
   7.0  X        X        X        X        X                                                                              
   5.0  X        X        X        X        X                                                                              
   3.0  X        X        X        X        X                                                                              
   2.0  X        X        X        X        X                                                                              
   1.0  X        X        X        X        X                                                                              
-------------------------------------------------------------------------------

###############################################################################

Inventory for date = 2020-10-03 06:00:00

PRES   TT        UU        VV        RH        GEOPT     HGT       PSFC      PMSL      LANDSEA   SOILHGT   SKINTEMP  SNOWH     SNOW     
-------------------------------------------------------------------------------
1000.0  X        X        X        X        X                                                                              
 975.0  X        X        X        X        X                                                                              
 950.0  X        X        X        X        X                                                                              
 925.0  X        X        X        X        X                                                                              
 900.0  X        X        X        X        X                                                                              
 875.0  X        X        X        X        X                                                                              
 850.0  X        X        X        X        X                                                                              
 825.0  X        X        X        X        X                                                                              
 800.0  X        X        X        X        X                                                                              
 750.0  X        X        X        X        X                                                                              
 700.0  X        X        X        X        X                                                                              
 600.0  X        X        X        X        X                                                                              
 500.0  X        X        X        X        X                                                                              
 400.0  X        X        X        X        X                                                                              
 300.0  X        X        X        X        X                                                                              
 250.0  X        X        X        X        X                                                                              
 200.0  X        X        X        X        X                                                                              
 150.0  X        X        X        X        X                                                                              
 100.0  X        X        X        X        X                                                                              
  70.0  X        X        X        X        X                                                                              
  50.0  X        X        X        X        X                                                                              
  30.0  X        X        X        X        X                                                                              
  20.0  X        X        X        X        X                                                                              
  10.0  X        X        X        X        X                                                                              
   7.0  X        X        X        X        X                                                                              
   5.0  X        X        X        X        X                                                                              
   3.0  X        X        X        X        X                                                                              
   2.0  X        X        X        X        X                                                                              
   1.0  X        X        X        X        X                                                                              
-------------------------------------------------------------------------------

###############################################################################

Inventory for date = 2020-10-05 03:00:00

PRES   TT        UU        VV        RH        GEOPT     HGT       PSFC      PMSL      LANDSEA   SOILHGT   SKINTEMP  SNOWH     SNOW     
-------------------------------------------------------------------------------
2013.0  O        O        O        O        O        O        O        X        O        O        O        O        O      
2001.0  X        O        O        X        O        O        X        O        X        X        X        X        X      
-------------------------------------------------------------------------------

###############################################################################

Inventory for date = 2020-10-01 12:00:00

PRES   TT        UU        VV        RH        GEOPT     HGT       PSFC      PMSL      LANDSEA   SOILHGT   SKINTEMP  SNOWH     SNOW     
-------------------------------------------------------------------------------
1000.0  X        X        X        X        X                                                                              
 975.0  X        X        X        X        X                                                                              
 950.0  X        X        X        X        X                                                                              
 925.0  X        X        X        X        X                                                                              
 900.0  X        X        X        X        X                                                                              
 875.0  X        X        X        X        X                                                                              
 850.0  X        X        X        X        X                                                                              
 825.0  X        X        X        X        X                                                                              
 800.0  X        X        X        X        X                                                                              
 750.0  X        X        X        X        X                                                                              
 700.0  X        X        X        X        X                                                                              
 600.0  X        X        X        X        X                                                                              
 500.0  X        X        X        X        X                                                                              
 400.0  X        X        X        X        X                                                                              
 300.0  X        X        X        X        X                                                                              
 250.0  X        X        X        X        X                                                                              
 200.0  X        X        X        X        X                                                                              
 150.0  X        X        X        X        X                                                                              
 100.0  X        X        X        X        X                                                                              
  70.0  X        X        X        X        X                                                                              
  50.0  X        X        X        X        X                                                                              
  30.0  X        X        X        X        X                                                                              
  20.0  X        X        X        X        X                                                                              
  10.0  X        X        X        X        X                                                                              
   7.0  X        X        X        X        X                                                                              
   5.0  X        X        X        X        X                                                                              
   3.0  X        X        X        X        X                                                                              
   2.0  X        X        X        X        X                                                                              
   1.0  X        X        X        X        X                                                                              
-------------------------------------------------------------------------------

###############################################################################

Inventory for date = 2020-10-02 00:00:00

PRES   TT        UU        VV        RH        GEOPT     HGT       PSFC      PMSL      LANDSEA   SOILHGT   SKINTEMP  SNOWH     SNOW     
-------------------------------------------------------------------------------
1000.0  X        X        X        X        X                                                                              
 975.0  X        X        X        X        X                                                                              
 950.0  X        X        X        X        X                                                                              
 925.0  X        X        X        X        X                                                                              
 900.0  X        X        X        X        X                                                                              
 875.0  X        X        X        X        X                                                                              
 850.0  X        X        X        X        X                                                                              
 825.0  X        X        X        X        X                                                                              
 800.0  X        X        X        X        X                                                                              
 750.0  X        X        X        X        X                                                                              
 700.0  X        X        X        X        X                                                                              
 600.0  X        X        X        X        X                                                                              
 500.0  X        X        X        X        X                                                                              
 400.0  X        X        X        X        X                                                                              
 300.0  X        X        X        X        X                                                                              
 250.0  X        X        X        X        X                                                                              
 200.0  X        X        X        X        X                                                                              
 150.0  X        X        X        X        X                                                                              
 100.0  X        X        X        X        X                                                                              
  70.0  X        X        X        X        X                                                                              
  50.0  X        X        X        X        X                                                                              
  30.0  X        X        X        X        X                                                                              
  20.0  X        X        X        X        X                                                                              
  10.0  X        X        X        X        X                                                                              
   7.0  X        X        X        X        X                                                                              
   5.0  X        X        X        X        X                                                                              
   3.0  X        X        X        X        X                                                                              
   2.0  X        X        X        X        X                                                                              
   1.0  X        X        X        X        X                                                                              
-------------------------------------------------------------------------------

###############################################################################

Inventory for date = 2020-10-05 06:00:00

PRES   TT        UU        VV        RH        GEOPT     HGT       PSFC      PMSL      LANDSEA   SOILHGT   SKINTEMP  SNOWH     SNOW     
-------------------------------------------------------------------------------
2013.0  O        O        O        O        O        O        O        X        O        O        O        O        O      
2001.0  X        O        O        X        O        O        X        O        X        X        X        X        X      
-------------------------------------------------------------------------------

###############################################################################

Inventory for date = 2020-10-03 21:00:00

PRES   TT        UU        VV        RH        GEOPT     HGT       PSFC      PMSL      LANDSEA   SOILHGT   SKINTEMP  SNOWH     SNOW     
-------------------------------------------------------------------------------
1000.0  X        X        X        X        X                                                                              
 975.0  X        X        X        X        X                                                                              
 950.0  X        X        X        X        X                                                                              
 925.0  X        X        X        X        X                                                                              
 900.0  X        X        X        X        X                                                                              
 875.0  X        X        X        X        X                                                                              
 850.0  X        X        X        X        X                                                                              
 825.0  X        X        X        X        X                                                                              
 800.0  X        X        X        X        X                                                                              
 750.0  X        X        X        X        X                                                                              
 700.0  X        X        X        X        X                                                                              
 600.0  X        X        X        X        X                                                                              
 500.0  X        X        X        X        X                                                                              
 400.0  X        X        X        X        X                                                                              
 300.0  X        X        X        X        X                                                                              
 250.0  X        X        X        X        X                                                                              
 200.0  X        X        X        X        X                                                                              
 150.0  X        X        X        X        X                                                                              
 100.0  X        X        X        X        X                                                                              
  70.0  X        X        X        X        X                                                                              
  50.0  X        X        X        X        X                                                                              
  30.0  X        X        X        X        X                                                                              
  20.0  X        X        X        X        X                                                                              
  10.0  X        X        X        X        X                                                                              
   7.0  X        X        X        X        X                                                                              
   5.0  X        X        X        X        X                                                                              
   3.0  X        X        X        X        X                                                                              
   2.0  X        X        X        X        X                                                                              
   1.0  X        X        X        X        X                                                                              
-------------------------------------------------------------------------------

###############################################################################

Inventory for date = 2020-10-05 09:00:00

PRES   TT        UU        VV        RH        GEOPT     HGT       PSFC      PMSL      LANDSEA   SOILHGT   SKINTEMP  SNOWH     SNOW     
-------------------------------------------------------------------------------
1000.0  X        X        X        X        X                                                                              
 975.0  X        X        X        X        X                                                                              
 950.0  X        X        X        X        X                                                                              
 925.0  X        X        X        X        X                                                                              
 900.0  X        X        X        X        X                                                                              
 875.0  X        X        X        X        X                                                                              
 850.0  X        X        X        X        X                                                                              
 825.0  X        X        X        X        X                                                                              
 800.0  X        X        X        X        X                                                                              
 750.0  X        X        X        X        X                                                                              
 700.0  X        X        X        X        X                                                                              
 600.0  X        X        X        X        X                                                                              
 500.0  X        X        X        X        X                                                                              
 400.0  X        X        X        X        X                                                                              
 300.0  X        X        X        X        X                                                                              
 250.0  X        X        X        X        X                                                                              
 200.0  X        X        X        X        X                                                                              
 150.0  X        X        X        X        X                                                                              
 100.0  X        X        X        X        X                                                                              
  70.0  X        X        X        X        X                                                                              
  50.0  X        X        X        X        X                                                                              
  30.0  X        X        X        X        X                                                                              
  20.0  X        X        X        X        X                                                                              
  10.0  X        X        X        X        X                                                                              
   7.0  X        X        X        X        X                                                                              
   5.0  X        X        X        X        X                                                                              
   3.0  X        X        X        X        X                                                                              
   2.0  X        X        X        X        X                                                                              
   1.0  X        X        X        X        X                                                                              
-------------------------------------------------------------------------------

###############################################################################

Inventory for date = 2020-10-04 18:00:00

PRES   TT        UU        VV        RH        GEOPT     HGT       PSFC      PMSL      LANDSEA   SOILHGT   SKINTEMP  SNOWH     SNOW     
-------------------------------------------------------------------------------
2013.0  O        O        O        O        O        O        O        X        O        O        O        O        O      
2001.0  X        O        O        X        O        O        X        O        X        X        X        X        X      
-------------------------------------------------------------------------------

###############################################################################

Inventory for date = 2020-10-03 12:00:00

PRES   TT        UU        VV        RH        GEOPT     HGT       PSFC      PMSL      LANDSEA   SOILHGT   SKINTEMP  SNOWH     SNOW     
-------------------------------------------------------------------------------
2013.0  O        O        O        O        O        O        O        X        O        O        O        O        O      
2001.0  X        O        O        X        O        O        X        O        X        X        X        X        X      
-------------------------------------------------------------------------------

###############################################################################

Inventory for date = 2020-09-30 18:00:00

PRES   TT        UU        VV        RH        GEOPT     HGT       PSFC      PMSL      LANDSEA   SOILHGT   SKINTEMP  SNOWH     SNOW     
-------------------------------------------------------------------------------
2001.0  O        X        X        O        O        O        O        O        O        O        O        O        O      
-------------------------------------------------------------------------------

###############################################################################

Inventory for date = 2020-10-01 21:00:00

PRES   TT        UU        VV        RH        GEOPT     HGT       PSFC      PMSL      LANDSEA   SOILHGT   SKINTEMP  SNOWH     SNOW     
-------------------------------------------------------------------------------
2013.0  O        O        O        O        O        O        O        X        O        O        O        O        O      
2001.0  X        O        O        X        O        O        X        O        X        X        X        X        X      
-------------------------------------------------------------------------------

###############################################################################

Inventory for date = 2020-10-04 15:00:00

PRES   TT        UU        VV        RH        GEOPT     HGT       PSFC      PMSL      LANDSEA   SOILHGT   SKINTEMP  SNOWH     SNOW     
-------------------------------------------------------------------------------
2001.0  O        X        X        O        O        O        O        O        O        O        O        O        O      
-------------------------------------------------------------------------------

###############################################################################

Inventory for date = 2020-10-03 03:00:00

PRES   TT        UU        VV        RH        GEOPT     HGT       PSFC      PMSL      LANDSEA   SOILHGT   SKINTEMP  SNOWH     SNOW     
-------------------------------------------------------------------------------
1000.0  X        X        X        X        X                                                                              
 975.0  X        X        X        X        X                                                                              
 950.0  X        X        X        X        X                                                                              
 925.0  X        X        X        X        X                                                                              
 900.0  X        X        X        X        X                                                                              
 875.0  X        X        X        X        X                                                                              
 850.0  X        X        X        X        X                                                                              
 825.0  X        X        X        X        X                                                                              
 800.0  X        X        X        X        X                                                                              
 750.0  X        X        X        X        X                                                                              
 700.0  X        X        X        X        X                                                                              
 600.0  X        X        X        X        X                                                                              
 500.0  X        X        X        X        X                                                                              
 400.0  X        X        X        X        X                                                                              
 300.0  X        X        X        X        X                                                                              
 250.0  X        X        X        X        X                                                                              
 200.0  X        X        X        X        X                                                                              
 150.0  X        X        X        X        X                                                                              
 100.0  X        X        X        X        X                                                                              
  70.0  X        X        X        X        X                                                                              
  50.0  X        X        X        X        X                                                                              
  30.0  X        X        X        X        X                                                                              
  20.0  X        X        X        X        X                                                                              
  10.0  X        X        X        X        X                                                                              
   7.0  X        X        X        X        X                                                                              
   5.0  X        X        X        X        X                                                                              
   3.0  X        X        X        X        X                                                                              
   2.0  X        X        X        X        X                                                                              
   1.0  X        X        X        X        X                                                                              
-------------------------------------------------------------------------------

###############################################################################

Inventory for date = 2020-10-05 15:00:00

PRES   TT        UU        VV        RH        GEOPT     HGT       PSFC      PMSL      LANDSEA   SOILHGT   SKINTEMP  SNOWH     SNOW     
-------------------------------------------------------------------------------
1000.0  X        X        X        X        X                                                                              
 975.0  X        X        X        X        X                                                                              
 950.0  X        X        X        X        X                                                                              
 925.0  X        X        X        X        X                                                                              
 900.0  X        X        X        X        X                                                                              
 875.0  X        X        X        X        X                                                                              
 850.0  X        X        X        X        X                                                                              
 825.0  X        X        X        X        X                                                                              
 800.0  X        X        X        X        X                                                                              
 750.0  X        X        X        X        X                                                                              
 700.0  X        X        X        X        X                                                                              
 600.0  X        X        X        X        X                                                                              
 500.0  X        X        X        X        X                                                                              
 400.0  X        X        X        X        X                                                                              
 300.0  X        X        X        X        X                                                                              
 250.0  X        X        X        X        X                                                                              
 200.0  X        X        X        X        X                                                                              
 150.0  X        X        X        X        X                                                                              
 100.0  X        X        X        X        X                                                                              
  70.0  X        X        X        X        X                                                                              
  50.0  X        X        X        X        X                                                                              
  30.0  X        X        X        X        X                                                                              
  20.0  X        X        X        X        X                                                                              
  10.0  X        X        X        X        X                                                                              
   7.0  X        X        X        X        X                                                                              
   5.0  X        X        X        X        X                                                                              
   3.0  X        X        X        X        X                                                                              
   2.0  X        X        X        X        X                                                                              
   1.0  X        X        X        X        X                                                                              
-------------------------------------------------------------------------------

###############################################################################

Inventory for date = 2020-10-03 21:00:00

PRES   TT        UU        VV        RH        GEOPT     HGT       PSFC      PMSL      LANDSEA   SOILHGT   SKINTEMP  SNOWH     SNOW     
-------------------------------------------------------------------------------
2013.0  O        O        O        O        O        O        O        X        O        O        O        O        O      
2001.0  X        O        O        X        O        O        X        O        X        X        X        X        X      
-------------------------------------------------------------------------------

###############################################################################

Inventory for date = 2020-10-04 15:00:00

PRES   TT        UU        VV        RH        GEOPT     HGT       PSFC      PMSL      LANDSEA   SOILHGT   SKINTEMP  SNOWH     SNOW     
-------------------------------------------------------------------------------
2013.0  O        O        O        O        O        O        O        X        O        O        O        O        O      
2001.0  X        O        O        X        O        O        X        O        X        X        X        X        X      
-------------------------------------------------------------------------------

###############################################################################

Inventory for date = 2020-10-03 12:00:00

PRES   TT        UU        VV        RH        GEOPT     HGT       PSFC      PMSL      LANDSEA   SOILHGT   SKINTEMP  SNOWH     SNOW     
-------------------------------------------------------------------------------
2001.0  O        X        X        O        O        O        O        O        O        O        O        O        O      
-------------------------------------------------------------------------------

###############################################################################

Inventory for date = 2020-09-30 21:00:00

PRES   TT        UU        VV        RH        GEOPT     HGT       PSFC      PMSL      LANDSEA   SOILHGT   SKINTEMP  SNOWH     SNOW     
-------------------------------------------------------------------------------
2013.0  O        O        O        O        O        O        O        X        O        O        O        O        O      
2001.0  X        O        O        X        O        O        X        O        X        X        X        X        X      
-------------------------------------------------------------------------------

###############################################################################

Inventory for date = 2020-10-06 00:00:00

PRES   TT        UU        VV        RH        GEOPT     HGT       PSFC      PMSL      LANDSEA   SOILHGT   SKINTEMP  SNOWH     SNOW     
-------------------------------------------------------------------------------
2013.0  O        O        O        O        O        O        O        X        O        O        O        O        O      
2001.0  X        O        O        X        O        O        X        O        X        X        X        X        X      
-------------------------------------------------------------------------------

###############################################################################

Inventory for date = 2020-10-04 06:00:00

PRES   TT        UU        VV        RH        GEOPT     HGT       PSFC      PMSL      LANDSEA   SOILHGT   SKINTEMP  SNOWH     SNOW     
-------------------------------------------------------------------------------
2013.0  O        O        O        O        O        O        O        X        O        O        O        O        O      
2001.0  X        O        O        X        O        O        X        O        X        X        X        X        X      
-------------------------------------------------------------------------------

###############################################################################

Inventory for date = 2020-10-02 00:00:00

PRES   TT        UU        VV        RH        GEOPT     HGT       PSFC      PMSL      LANDSEA   SOILHGT   SKINTEMP  SNOWH     SNOW     
-------------------------------------------------------------------------------
2013.0  O        O        O        O        O        O        O        X        O        O        O        O        O      
2001.0  X        O        O        X        O        O        X        O        X        X        X        X        X      
-------------------------------------------------------------------------------

###############################################################################

Inventory for date = 2020-10-01 00:00:00

PRES   TT        UU        VV        RH        GEOPT     HGT       PSFC      PMSL      LANDSEA   SOILHGT   SKINTEMP  SNOWH     SNOW     
-------------------------------------------------------------------------------
2013.0  O        O        O        O        O        O        O        X        O        O        O        O        O      
2001.0  X        O        O        X        O        O        X        O        X        X        X        X        X      
-------------------------------------------------------------------------------

###############################################################################

Inventory for date = 2020-10-01 18:00:00

PRES   TT        UU        VV        RH        GEOPT     HGT       PSFC      PMSL      LANDSEA   SOILHGT   SKINTEMP  SNOWH     SNOW     
-------------------------------------------------------------------------------
2013.0  O        O        O        O        O        O        O        X        O        O        O        O        O      
2001.0  X        O        O        X        O        O        X        O        X        X        X        X        X      
-------------------------------------------------------------------------------

###############################################################################

Inventory for date = 2020-10-03 09:00:00

PRES   TT        UU        VV        RH        GEOPT     HGT       PSFC      PMSL      LANDSEA   SOILHGT   SKINTEMP  SNOWH     SNOW     
-------------------------------------------------------------------------------
1000.0  X        X        X        X        X                                                                              
 975.0  X        X        X        X        X                                                                              
 950.0  X        X        X        X        X                                                                              
 925.0  X        X        X        X        X                                                                              
 900.0  X        X        X        X        X                                                                              
 875.0  X        X        X        X        X                                                                              
 850.0  X        X        X        X        X                                                                              
 825.0  X        X        X        X        X                                                                              
 800.0  X        X        X        X        X                                                                              
 750.0  X        X        X        X        X                                                                              
 700.0  X        X        X        X        X                                                                              
 600.0  X        X        X        X        X                                                                              
 500.0  X        X        X        X        X                                                                              
 400.0  X        X        X        X        X                                                                              
 300.0  X        X        X        X        X                                                                              
 250.0  X        X        X        X        X                                                                              
 200.0  X        X        X        X        X                                                                              
 150.0  X        X        X        X        X                                                                              
 100.0  X        X        X        X        X                                                                              
  70.0  X        X        X        X        X                                                                              
  50.0  X        X        X        X        X                                                                              
  30.0  X        X        X        X        X                                                                              
  20.0  X        X        X        X        X                                                                              
  10.0  X        X        X        X        X                                                                              
   7.0  X        X        X        X        X                                                                              
   5.0  X        X        X        X        X                                                                              
   3.0  X        X        X        X        X                                                                              
   2.0  X        X        X        X        X                                                                              
   1.0  X        X        X        X        X                                                                              
-------------------------------------------------------------------------------

###############################################################################

Inventory for date = 2020-10-02 03:00:00

PRES   TT        UU        VV        RH        GEOPT     HGT       PSFC      PMSL      LANDSEA   SOILHGT   SKINTEMP  SNOWH     SNOW     
-------------------------------------------------------------------------------
2001.0  O        X        X        O        O        O        O        O        O        O        O        O        O      
-------------------------------------------------------------------------------

###############################################################################

Inventory for date = 2020-10-03 18:00:00

PRES   TT        UU        VV        RH        GEOPT     HGT       PSFC      PMSL      LANDSEA   SOILHGT   SKINTEMP  SNOWH     SNOW     
-------------------------------------------------------------------------------
2013.0  O        O        O        O        O        O        O        X        O        O        O        O        O      
2001.0  X        O        O        X        O        O        X        O        X        X        X        X        X      
-------------------------------------------------------------------------------

###############################################################################

Inventory for date = 2020-09-30 15:00:00

PRES   TT        UU        VV        RH        GEOPT     HGT       PSFC      PMSL      LANDSEA   SOILHGT   SKINTEMP  SNOWH     SNOW     
-------------------------------------------------------------------------------
2013.0  O        O        O        O        O        O        O        X        O        O        O        O        O      
2001.0  X        O        O        X        O        O        X        O        X        X        X        X        X      
-------------------------------------------------------------------------------

###############################################################################

Inventory for date = 2020-10-05 15:00:00

PRES   TT        UU        VV        RH        GEOPT     HGT       PSFC      PMSL      LANDSEA   SOILHGT   SKINTEMP  SNOWH     SNOW     
-------------------------------------------------------------------------------
2001.0  O        X        X        O        O        O        O        O        O        O        O        O        O      
-------------------------------------------------------------------------------

###############################################################################

Inventory for date = 2020-10-02 18:00:00

PRES   TT        UU        VV        RH        GEOPT     HGT       PSFC      PMSL      LANDSEA   SOILHGT   SKINTEMP  SNOWH     SNOW     
-------------------------------------------------------------------------------
1000.0  X        X        X        X        X                                                                              
 975.0  X        X        X        X        X                                                                              
 950.0  X        X        X        X        X                                                                              
 925.0  X        X        X        X        X                                                                              
 900.0  X        X        X        X        X                                                                              
 875.0  X        X        X        X        X                                                                              
 850.0  X        X        X        X        X                                                                              
 825.0  X        X        X        X        X                                                                              
 800.0  X        X        X        X        X                                                                              
 750.0  X        X        X        X        X                                                                              
 700.0  X        X        X        X        X                                                                              
 600.0  X        X        X        X        X                                                                              
 500.0  X        X        X        X        X                                                                              
 400.0  X        X        X        X        X                                                                              
 300.0  X        X        X        X        X                                                                              
 250.0  X        X        X        X        X                                                                              
 200.0  X        X        X        X        X                                                                              
 150.0  X        X        X        X        X                                                                              
 100.0  X        X        X        X        X                                                                              
  70.0  X        X        X        X        X                                                                              
  50.0  X        X        X        X        X                                                                              
  30.0  X        X        X        X        X                                                                              
  20.0  X        X        X        X        X                                                                              
  10.0  X        X        X        X        X                                                                              
   7.0  X        X        X        X        X                                                                              
   5.0  X        X        X        X        X                                                                              
   3.0  X        X        X        X        X                                                                              
   2.0  X        X        X        X        X                                                                              
   1.0  X        X        X        X        X                                                                              
-------------------------------------------------------------------------------

###############################################################################

Inventory for date = 2020-10-04 06:00:00

PRES   TT        UU        VV        RH        GEOPT     HGT       PSFC      PMSL      LANDSEA   SOILHGT   SKINTEMP  SNOWH     SNOW     
-------------------------------------------------------------------------------
2001.0  O        X        X        O        O        O        O        O        O        O        O        O        O      
-------------------------------------------------------------------------------

###############################################################################

Inventory for date = 2020-10-01 06:00:00

PRES   TT        UU        VV        RH        GEOPT     HGT       PSFC      PMSL      LANDSEA   SOILHGT   SKINTEMP  SNOWH     SNOW     
-------------------------------------------------------------------------------
2013.0  O        O        O        O        O        O        O        X        O        O        O        O        O      
2001.0  X        O        O        X        O        O        X        O        X        X        X        X        X      
-------------------------------------------------------------------------------

###############################################################################

Inventory for date = 2020-10-01 00:00:00

PRES   TT        UU        VV        RH        GEOPT     HGT       PSFC      PMSL      LANDSEA   SOILHGT   SKINTEMP  SNOWH     SNOW     
-------------------------------------------------------------------------------
1000.0  X        X        X        X        X                                                                              
 975.0  X        X        X        X        X                                                                              
 950.0  X        X        X        X        X                                                                              
 925.0  X        X        X        X        X                                                                              
 900.0  X        X        X        X        X                                                                              
 875.0  X        X        X        X        X                                                                              
 850.0  X        X        X        X        X                                                                              
 825.0  X        X        X        X        X                                                                              
 800.0  X        X        X        X        X                                                                              
 750.0  X        X        X        X        X                                                                              
 700.0  X        X        X        X        X                                                                              
 600.0  X        X        X        X        X                                                                              
 500.0  X        X        X        X        X                                                                              
 400.0  X        X        X        X        X                                                                              
 300.0  X        X        X        X        X                                                                              
 250.0  X        X        X        X        X                                                                              
 200.0  X        X        X        X        X                                                                              
 150.0  X        X        X        X        X                                                                              
 100.0  X        X        X        X        X                                                                              
  70.0  X        X        X        X        X                                                                              
  50.0  X        X        X        X        X                                                                              
  30.0  X        X        X        X        X                                                                              
  20.0  X        X        X        X        X                                                                              
  10.0  X        X        X        X        X                                                                              
   7.0  X        X        X        X        X                                                                              
   5.0  X        X        X        X        X                                                                              
   3.0  X        X        X        X        X                                                                              
   2.0  X        X        X        X        X                                                                              
   1.0  X        X        X        X        X                                                                              
-------------------------------------------------------------------------------

###############################################################################

Inventory for date = 2020-10-03 15:00:00

PRES   TT        UU        VV        RH        GEOPT     HGT       PSFC      PMSL      LANDSEA   SOILHGT   SKINTEMP  SNOWH     SNOW     
-------------------------------------------------------------------------------
2001.0  O        X        X        O        O        O        O        O        O        O        O        O        O      
-------------------------------------------------------------------------------

###############################################################################

Inventory for date = 2020-10-02 03:00:00

PRES   TT        UU        VV        RH        GEOPT     HGT       PSFC      PMSL      LANDSEA   SOILHGT   SKINTEMP  SNOWH     SNOW     
-------------------------------------------------------------------------------
2013.0  O        O        O        O        O        O        O        X        O        O        O        O        O      
2001.0  X        O        O        X        O        O        X        O        X        X        X        X        X      
-------------------------------------------------------------------------------

###############################################################################

Inventory for date = 2020-10-01 21:00:00

PRES   TT        UU        VV        RH        GEOPT     HGT       PSFC      PMSL      LANDSEA   SOILHGT   SKINTEMP  SNOWH     SNOW     
-------------------------------------------------------------------------------
1000.0  X        X        X        X        X                                                                              
 975.0  X        X        X        X        X                                                                              
 950.0  X        X        X        X        X                                                                              
 925.0  X        X        X        X        X                                                                              
 900.0  X        X        X        X        X                                                                              
 875.0  X        X        X        X        X                                                                              
 850.0  X        X        X        X        X                                                                              
 825.0  X        X        X        X        X                                                                              
 800.0  X        X        X        X        X                                                                              
 750.0  X        X        X        X        X                                                                              
 700.0  X        X        X        X        X                                                                              
 600.0  X        X        X        X        X                                                                              
 500.0  X        X        X        X        X                                                                              
 400.0  X        X        X        X        X                                                                              
 300.0  X        X        X        X        X                                                                              
 250.0  X        X        X        X        X                                                                              
 200.0  X        X        X        X        X                                                                              
 150.0  X        X        X        X        X                                                                              
 100.0  X        X        X        X        X                                                                              
  70.0  X        X        X        X        X                                                                              
  50.0  X        X        X        X        X                                                                              
  30.0  X        X        X        X        X                                                                              
  20.0  X        X        X        X        X                                                                              
  10.0  X        X        X        X        X                                                                              
   7.0  X        X        X        X        X                                                                              
   5.0  X        X        X        X        X                                                                              
   3.0  X        X        X        X        X                                                                              
   2.0  X        X        X        X        X                                                                              
   1.0  X        X        X        X        X                                                                              
-------------------------------------------------------------------------------

###############################################################################

Inventory for date = 2020-10-01 03:00:00

PRES   TT        UU        VV        RH        GEOPT     HGT       PSFC      PMSL      LANDSEA   SOILHGT   SKINTEMP  SNOWH     SNOW     
-------------------------------------------------------------------------------
2013.0  O        O        O        O        O        O        O        X        O        O        O        O        O      
2001.0  X        O        O        X        O        O        X        O        X        X        X        X        X      
-------------------------------------------------------------------------------

###############################################################################

Inventory for date = 2020-10-02 09:00:00

PRES   TT        UU        VV        RH        GEOPT     HGT       PSFC      PMSL      LANDSEA   SOILHGT   SKINTEMP  SNOWH     SNOW     
-------------------------------------------------------------------------------
2001.0  O        X        X        O        O        O        O        O        O        O        O        O        O      
-------------------------------------------------------------------------------

###############################################################################

Inventory for date = 2020-10-05 21:00:00

PRES   TT        UU        VV        RH        GEOPT     HGT       PSFC      PMSL      LANDSEA   SOILHGT   SKINTEMP  SNOWH     SNOW     
-------------------------------------------------------------------------------
1000.0  X        X        X        X        X                                                                              
 975.0  X        X        X        X        X                                                                              
 950.0  X        X        X        X        X                                                                              
 925.0  X        X        X        X        X                                                                              
 900.0  X        X        X        X        X                                                                              
 875.0  X        X        X        X        X                                                                              
 850.0  X        X        X        X        X                                                                              
 825.0  X        X        X        X        X                                                                              
 800.0  X        X        X        X        X                                                                              
 750.0  X        X        X        X        X                                                                              
 700.0  X        X        X        X        X                                                                              
 600.0  X        X        X        X        X                                                                              
 500.0  X        X        X        X        X                                                                              
 400.0  X        X        X        X        X                                                                              
 300.0  X        X        X        X        X                                                                              
 250.0  X        X        X        X        X                                                                              
 200.0  X        X        X        X        X                                                                              
 150.0  X        X        X        X        X                                                                              
 100.0  X        X        X        X        X                                                                              
  70.0  X        X        X        X        X                                                                              
  50.0  X        X        X        X        X                                                                              
  30.0  X        X        X        X        X                                                                              
  20.0  X        X        X        X        X                                                                              
  10.0  X        X        X        X        X                                                                              
   7.0  X        X        X        X        X                                                                              
   5.0  X        X        X        X        X                                                                              
   3.0  X        X        X        X        X                                                                              
   2.0  X        X        X        X        X                                                                              
   1.0  X        X        X        X        X                                                                              
-------------------------------------------------------------------------------

###############################################################################

Inventory for date = 2020-10-04 09:00:00

PRES   TT        UU        VV        RH        GEOPT     HGT       PSFC      PMSL      LANDSEA   SOILHGT   SKINTEMP  SNOWH     SNOW     
-------------------------------------------------------------------------------
2001.0  O        X        X        O        O        O        O        O        O        O        O        O        O      
-------------------------------------------------------------------------------

###############################################################################

Inventory for date = 2020-10-04 18:00:00

PRES   TT        UU        VV        RH        GEOPT     HGT       PSFC      PMSL      LANDSEA   SOILHGT   SKINTEMP  SNOWH     SNOW     
-------------------------------------------------------------------------------
1000.0  X        X        X        X        X                                                                              
 975.0  X        X        X        X        X                                                                              
 950.0  X        X        X        X        X                                                                              
 925.0  X        X        X        X        X                                                                              
 900.0  X        X        X        X        X                                                                              
 875.0  X        X        X        X        X                                                                              
 850.0  X        X        X        X        X                                                                              
 825.0  X        X        X        X        X                                                                              
 800.0  X        X        X        X        X                                                                              
 750.0  X        X        X        X        X                                                                              
 700.0  X        X        X        X        X                                                                              
 600.0  X        X        X        X        X                                                                              
 500.0  X        X        X        X        X                                                                              
 400.0  X        X        X        X        X                                                                              
 300.0  X        X        X        X        X                                                                              
 250.0  X        X        X        X        X                                                                              
 200.0  X        X        X        X        X                                                                              
 150.0  X        X        X        X        X                                                                              
 100.0  X        X        X        X        X                                                                              
  70.0  X        X        X        X        X                                                                              
  50.0  X        X        X        X        X                                                                              
  30.0  X        X        X        X        X                                                                              
  20.0  X        X        X        X        X                                                                              
  10.0  X        X        X        X        X                                                                              
   7.0  X        X        X        X        X                                                                              
   5.0  X        X        X        X        X                                                                              
   3.0  X        X        X        X        X                                                                              
   2.0  X        X        X        X        X                                                                              
   1.0  X        X        X        X        X                                                                              
-------------------------------------------------------------------------------

###############################################################################

Inventory for date = 2020-10-04 03:00:00

PRES   TT        UU        VV        RH        GEOPT     HGT       PSFC      PMSL      LANDSEA   SOILHGT   SKINTEMP  SNOWH     SNOW     
-------------------------------------------------------------------------------
1000.0  X        X        X        X        X                                                                              
 975.0  X        X        X        X        X                                                                              
 950.0  X        X        X        X        X                                                                              
 925.0  X        X        X        X        X                                                                              
 900.0  X        X        X        X        X                                                                              
 875.0  X        X        X        X        X                                                                              
 850.0  X        X        X        X        X                                                                              
 825.0  X        X        X        X        X                                                                              
 800.0  X        X        X        X        X                                                                              
 750.0  X        X        X        X        X                                                                              
 700.0  X        X        X        X        X                                                                              
 600.0  X        X        X        X        X                                                                              
 500.0  X        X        X        X        X                                                                              
 400.0  X        X        X        X        X                                                                              
 300.0  X        X        X        X        X                                                                              
 250.0  X        X        X        X        X                                                                              
 200.0  X        X        X        X        X                                                                              
 150.0  X        X        X        X        X                                                                              
 100.0  X        X        X        X        X                                                                              
  70.0  X        X        X        X        X                                                                              
  50.0  X        X        X        X        X                                                                              
  30.0  X        X        X        X        X                                                                              
  20.0  X        X        X        X        X                                                                              
  10.0  X        X        X        X        X                                                                              
   7.0  X        X        X        X        X                                                                              
   5.0  X        X        X        X        X                                                                              
   3.0  X        X        X        X        X                                                                              
   2.0  X        X        X        X        X                                                                              
   1.0  X        X        X        X        X                                                                              
-------------------------------------------------------------------------------

###############################################################################

Inventory for date = 2020-10-01 06:00:00

PRES   TT        UU        VV        RH        GEOPT     HGT       PSFC      PMSL      LANDSEA   SOILHGT   SKINTEMP  SNOWH     SNOW     
-------------------------------------------------------------------------------
1000.0  X        X        X        X        X                                                                              
 975.0  X        X        X        X        X                                                                              
 950.0  X        X        X        X        X                                                                              
 925.0  X        X        X        X        X                                                                              
 900.0  X        X        X        X        X                                                                              
 875.0  X        X        X        X        X                                                                              
 850.0  X        X        X        X        X                                                                              
 825.0  X        X        X        X        X                                                                              
 800.0  X        X        X        X        X                                                                              
 750.0  X        X        X        X        X                                                                              
 700.0  X        X        X        X        X                                                                              
 600.0  X        X        X        X        X                                                                              
 500.0  X        X        X        X        X                                                                              
 400.0  X        X        X        X        X                                                                              
 300.0  X        X        X        X        X                                                                              
 250.0  X        X        X        X        X                                                                              
 200.0  X        X        X        X        X                                                                              
 150.0  X        X        X        X        X                                                                              
 100.0  X        X        X        X        X                                                                              
  70.0  X        X        X        X        X                                                                              
  50.0  X        X        X        X        X                                                                              
  30.0  X        X        X        X        X                                                                              
  20.0  X        X        X        X        X                                                                              
  10.0  X        X        X        X        X                                                                              
   7.0  X        X        X        X        X                                                                              
   5.0  X        X        X        X        X                                                                              
   3.0  X        X        X        X        X                                                                              
   2.0  X        X        X        X        X                                                                              
   1.0  X        X        X        X        X                                                                              
-------------------------------------------------------------------------------

###############################################################################

Inventory for date = 2020-10-04 12:00:00

PRES   TT        UU        VV        RH        GEOPT     HGT       PSFC      PMSL      LANDSEA   SOILHGT   SKINTEMP  SNOWH     SNOW     
-------------------------------------------------------------------------------
2013.0  O        O        O        O        O        O        O        X        O        O        O        O        O      
2001.0  X        O        O        X        O        O        X        O        X        X        X        X        X      
-------------------------------------------------------------------------------

###############################################################################

Inventory for date = 2020-10-02 21:00:00

PRES   TT        UU        VV        RH        GEOPT     HGT       PSFC      PMSL      LANDSEA   SOILHGT   SKINTEMP  SNOWH     SNOW     
-------------------------------------------------------------------------------
1000.0  X        X        X        X        X                                                                              
 975.0  X        X        X        X        X                                                                              
 950.0  X        X        X        X        X                                                                              
 925.0  X        X        X        X        X                                                                              
 900.0  X        X        X        X        X                                                                              
 875.0  X        X        X        X        X                                                                              
 850.0  X        X        X        X        X                                                                              
 825.0  X        X        X        X        X                                                                              
 800.0  X        X        X        X        X                                                                              
 750.0  X        X        X        X        X                                                                              
 700.0  X        X        X        X        X                                                                              
 600.0  X        X        X        X        X                                                                              
 500.0  X        X        X        X        X                                                                              
 400.0  X        X        X        X        X                                                                              
 300.0  X        X        X        X        X                                                                              
 250.0  X        X        X        X        X                                                                              
 200.0  X        X        X        X        X                                                                              
 150.0  X        X        X        X        X                                                                              
 100.0  X        X        X        X        X                                                                              
  70.0  X        X        X        X        X                                                                              
  50.0  X        X        X        X        X                                                                              
  30.0  X        X        X        X        X                                                                              
  20.0  X        X        X        X        X                                                                              
  10.0  X        X        X        X        X                                                                              
   7.0  X        X        X        X        X                                                                              
   5.0  X        X        X        X        X                                                                              
   3.0  X        X        X        X        X                                                                              
   2.0  X        X        X        X        X                                                                              
   1.0  X        X        X        X        X                                                                              
-------------------------------------------------------------------------------

###############################################################################

Inventory for date = 2020-10-04 00:00:00

PRES   TT        UU        VV        RH        GEOPT     HGT       PSFC      PMSL      LANDSEA   SOILHGT   SKINTEMP  SNOWH     SNOW     
-------------------------------------------------------------------------------
2013.0  O        O        O        O        O        O        O        X        O        O        O        O        O      
2001.0  X        O        O        X        O        O        X        O        X        X        X        X        X      
-------------------------------------------------------------------------------

###############################################################################

Inventory for date = 2020-10-04 21:00:00

PRES   TT        UU        VV        RH        GEOPT     HGT       PSFC      PMSL      LANDSEA   SOILHGT   SKINTEMP  SNOWH     SNOW     
-------------------------------------------------------------------------------
1000.0  X        X        X        X        X                                                                              
 975.0  X        X        X        X        X                                                                              
 950.0  X        X        X        X        X                                                                              
 925.0  X        X        X        X        X                                                                              
 900.0  X        X        X        X        X                                                                              
 875.0  X        X        X        X        X                                                                              
 850.0  X        X        X        X        X                                                                              
 825.0  X        X        X        X        X                                                                              
 800.0  X        X        X        X        X                                                                              
 750.0  X        X        X        X        X                                                                              
 700.0  X        X        X        X        X                                                                              
 600.0  X        X        X        X        X                                                                              
 500.0  X        X        X        X        X                                                                              
 400.0  X        X        X        X        X                                                                              
 300.0  X        X        X        X        X                                                                              
 250.0  X        X        X        X        X                                                                              
 200.0  X        X        X        X        X                                                                              
 150.0  X        X        X        X        X                                                                              
 100.0  X        X        X        X        X                                                                              
  70.0  X        X        X        X        X                                                                              
  50.0  X        X        X        X        X                                                                              
  30.0  X        X        X        X        X                                                                              
  20.0  X        X        X        X        X                                                                              
  10.0  X        X        X        X        X                                                                              
   7.0  X        X        X        X        X                                                                              
   5.0  X        X        X        X        X                                                                              
   3.0  X        X        X        X        X                                                                              
   2.0  X        X        X        X        X                                                                              
   1.0  X        X        X        X        X                                                                              
-------------------------------------------------------------------------------

###############################################################################

Inventory for date = 2020-10-05 09:00:00

PRES   TT        UU        VV        RH        GEOPT     HGT       PSFC      PMSL      LANDSEA   SOILHGT   SKINTEMP  SNOWH     SNOW     
-------------------------------------------------------------------------------
2001.0  O        X        X        O        O        O        O        O        O        O        O        O        O      
-------------------------------------------------------------------------------

###############################################################################

Inventory for date = 2020-10-05 09:00:00

PRES   TT        UU        VV        RH        GEOPT     HGT       PSFC      PMSL      LANDSEA   SOILHGT   SKINTEMP  SNOWH     SNOW     
-------------------------------------------------------------------------------
2013.0  O        O        O        O        O        O        O        X        O        O        O        O        O      
2001.0  X        O        O        X        O        O        X        O        X        X        X        X        X      
-------------------------------------------------------------------------------

###############################################################################

Inventory for date = 2020-10-02 06:00:00

PRES   TT        UU        VV        RH        GEOPT     HGT       PSFC      PMSL      LANDSEA   SOILHGT   SKINTEMP  SNOWH     SNOW     
-------------------------------------------------------------------------------
2001.0  O        X        X        O        O        O        O        O        O        O        O        O        O      
-------------------------------------------------------------------------------

###############################################################################

Inventory for date = 2020-10-04 03:00:00

PRES   TT        UU        VV        RH        GEOPT     HGT       PSFC      PMSL      LANDSEA   SOILHGT   SKINTEMP  SNOWH     SNOW     
-------------------------------------------------------------------------------
2001.0  O        X        X        O        O        O        O        O        O        O        O        O        O      
-------------------------------------------------------------------------------

###############################################################################

Inventory for date = 2020-10-03 15:00:00

PRES   TT        UU        VV        RH        GEOPT     HGT       PSFC      PMSL      LANDSEA   SOILHGT   SKINTEMP  SNOWH     SNOW     
-------------------------------------------------------------------------------
1000.0  X        X        X        X        X                                                                              
 975.0  X        X        X        X        X                                                                              
 950.0  X        X        X        X        X                                                                              
 925.0  X        X        X        X        X                                                                              
 900.0  X        X        X        X        X                                                                              
 875.0  X        X        X        X        X                                                                              
 850.0  X        X        X        X        X                                                                              
 825.0  X        X        X        X        X                                                                              
 800.0  X        X        X        X        X                                                                              
 750.0  X        X        X        X        X                                                                              
 700.0  X        X        X        X        X                                                                              
 600.0  X        X        X        X        X                                                                              
 500.0  X        X        X        X        X                                                                              
 400.0  X        X        X        X        X                                                                              
 300.0  X        X        X        X        X                                                                              
 250.0  X        X        X        X        X                                                                              
 200.0  X        X        X        X        X                                                                              
 150.0  X        X        X        X        X                                                                              
 100.0  X        X        X        X        X                                                                              
  70.0  X        X        X        X        X                                                                              
  50.0  X        X        X        X        X                                                                              
  30.0  X        X        X        X        X                                                                              
  20.0  X        X        X        X        X                                                                              
  10.0  X        X        X        X        X                                                                              
   7.0  X        X        X        X        X                                                                              
   5.0  X        X        X        X        X                                                                              
   3.0  X        X        X        X        X                                                                              
   2.0  X        X        X        X        X                                                                              
   1.0  X        X        X        X        X                                                                              
-------------------------------------------------------------------------------

###############################################################################

Inventory for date = 2020-10-04 09:00:00

PRES   TT        UU        VV        RH        GEOPT     HGT       PSFC      PMSL      LANDSEA   SOILHGT   SKINTEMP  SNOWH     SNOW     
-------------------------------------------------------------------------------
2013.0  O        O        O        O        O        O        O        X        O        O        O        O        O      
2001.0  X        O        O        X        O        O        X        O        X        X        X        X        X      
-------------------------------------------------------------------------------

###############################################################################

Inventory for date = 2020-10-02 03:00:00

PRES   TT        UU        VV        RH        GEOPT     HGT       PSFC      PMSL      LANDSEA   SOILHGT   SKINTEMP  SNOWH     SNOW     
-------------------------------------------------------------------------------
1000.0  X        X        X        X        X                                                                              
 975.0  X        X        X        X        X                                                                              
 950.0  X        X        X        X        X                                                                              
 925.0  X        X        X        X        X                                                                              
 900.0  X        X        X        X        X                                                                              
 875.0  X        X        X        X        X                                                                              
 850.0  X        X        X        X        X                                                                              
 825.0  X        X        X        X        X                                                                              
 800.0  X        X        X        X        X                                                                              
 750.0  X        X        X        X        X                                                                              
 700.0  X        X        X        X        X                                                                              
 600.0  X        X        X        X        X                                                                              
 500.0  X        X        X        X        X                                                                              
 400.0  X        X        X        X        X                                                                              
 300.0  X        X        X        X        X                                                                              
 250.0  X        X        X        X        X                                                                              
 200.0  X        X        X        X        X                                                                              
 150.0  X        X        X        X        X                                                                              
 100.0  X        X        X        X        X                                                                              
  70.0  X        X        X        X        X                                                                              
  50.0  X        X        X        X        X                                                                              
  30.0  X        X        X        X        X                                                                              
  20.0  X        X        X        X        X                                                                              
  10.0  X        X        X        X        X                                                                              
   7.0  X        X        X        X        X                                                                              
   5.0  X        X        X        X        X                                                                              
   3.0  X        X        X        X        X                                                                              
   2.0  X        X        X        X        X                                                                              
   1.0  X        X        X        X        X                                                                              
-------------------------------------------------------------------------------

###############################################################################

Inventory for date = 2020-10-01 18:00:00

PRES   TT        UU        VV        RH        GEOPT     HGT       PSFC      PMSL      LANDSEA   SOILHGT   SKINTEMP  SNOWH     SNOW     
-------------------------------------------------------------------------------
2001.0  O        X        X        O        O        O        O        O        O        O        O        O        O      
-------------------------------------------------------------------------------

###############################################################################

Inventory for date = 2020-10-05 00:00:00

PRES   TT        UU        VV        RH        GEOPT     HGT       PSFC      PMSL      LANDSEA   SOILHGT   SKINTEMP  SNOWH     SNOW     
-------------------------------------------------------------------------------
2013.0  O        O        O        O        O        O        O        X        O        O        O        O        O      
2001.0  X        O        O        X        O        O        X        O        X        X        X        X        X      
-------------------------------------------------------------------------------

###############################################################################

Inventory for date = 2020-09-30 15:00:00

PRES   TT        UU        VV        RH        GEOPT     HGT       PSFC      PMSL      LANDSEA   SOILHGT   SKINTEMP  SNOWH     SNOW     
-------------------------------------------------------------------------------
1000.0  X        X        X        X        X                                                                              
 975.0  X        X        X        X        X                                                                              
 950.0  X        X        X        X        X                                                                              
 925.0  X        X        X        X        X                                                                              
 900.0  X        X        X        X        X                                                                              
 875.0  X        X        X        X        X                                                                              
 850.0  X        X        X        X        X                                                                              
 825.0  X        X        X        X        X                                                                              
 800.0  X        X        X        X        X                                                                              
 750.0  X        X        X        X        X                                                                              
 700.0  X        X        X        X        X                                                                              
 600.0  X        X        X        X        X                                                                              
 500.0  X        X        X        X        X                                                                              
 400.0  X        X        X        X        X                                                                              
 300.0  X        X        X        X        X                                                                              
 250.0  X        X        X        X        X                                                                              
 200.0  X        X        X        X        X                                                                              
 150.0  X        X        X        X        X                                                                              
 100.0  X        X        X        X        X                                                                              
  70.0  X        X        X        X        X                                                                              
  50.0  X        X        X        X        X                                                                              
  30.0  X        X        X        X        X                                                                              
  20.0  X        X        X        X        X                                                                              
  10.0  X        X        X        X        X                                                                              
   7.0  X        X        X        X        X                                                                              
   5.0  X        X        X        X        X                                                                              
   3.0  X        X        X        X        X                                                                              
   2.0  X        X        X        X        X                                                                              
   1.0  X        X        X        X        X                                                                              
-------------------------------------------------------------------------------

###############################################################################

Inventory for date = 2020-10-02 09:00:00

PRES   TT        UU        VV        RH        GEOPT     HGT       PSFC      PMSL      LANDSEA   SOILHGT   SKINTEMP  SNOWH     SNOW     
-------------------------------------------------------------------------------
1000.0  X        X        X        X        X                                                                              
 975.0  X        X        X        X        X                                                                              
 950.0  X        X        X        X        X                                                                              
 925.0  X        X        X        X        X                                                                              
 900.0  X        X        X        X        X                                                                              
 875.0  X        X        X        X        X                                                                              
 850.0  X        X        X        X        X                                                                              
 825.0  X        X        X        X        X                                                                              
 800.0  X        X        X        X        X                                                                              
 750.0  X        X        X        X        X                                                                              
 700.0  X        X        X        X        X                                                                              
 600.0  X        X        X        X        X                                                                              
 500.0  X        X        X        X        X                                                                              
 400.0  X        X        X        X        X                                                                              
 300.0  X        X        X        X        X                                                                              
 250.0  X        X        X        X        X                                                                              
 200.0  X        X        X        X        X                                                                              
 150.0  X        X        X        X        X                                                                              
 100.0  X        X        X        X        X                                                                              
  70.0  X        X        X        X        X                                                                              
  50.0  X        X        X        X        X                                                                              
  30.0  X        X        X        X        X                                                                              
  20.0  X        X        X        X        X                                                                              
  10.0  X        X        X        X        X                                                                              
   7.0  X        X        X        X        X                                                                              
   5.0  X        X        X        X        X                                                                              
   3.0  X        X        X        X        X                                                                              
   2.0  X        X        X        X        X                                                                              
   1.0  X        X        X        X        X                                                                              
-------------------------------------------------------------------------------

###############################################################################

Inventory for date = 2020-10-05 12:00:00

PRES   TT        UU        VV        RH        GEOPT     HGT       PSFC      PMSL      LANDSEA   SOILHGT   SKINTEMP  SNOWH     SNOW     
-------------------------------------------------------------------------------
1000.0  X        X        X        X        X                                                                              
 975.0  X        X        X        X        X                                                                              
 950.0  X        X        X        X        X                                                                              
 925.0  X        X        X        X        X                                                                              
 900.0  X        X        X        X        X                                                                              
 875.0  X        X        X        X        X                                                                              
 850.0  X        X        X        X        X                                                                              
 825.0  X        X        X        X        X                                                                              
 800.0  X        X        X        X        X                                                                              
 750.0  X        X        X        X        X                                                                              
 700.0  X        X        X        X        X                                                                              
 600.0  X        X        X        X        X                                                                              
 500.0  X        X        X        X        X                                                                              
 400.0  X        X        X        X        X                                                                              
 300.0  X        X        X        X        X                                                                              
 250.0  X        X        X        X        X                                                                              
 200.0  X        X        X        X        X                                                                              
 150.0  X        X        X        X        X                                                                              
 100.0  X        X        X        X        X                                                                              
  70.0  X        X        X        X        X                                                                              
  50.0  X        X        X        X        X                                                                              
  30.0  X        X        X        X        X                                                                              
  20.0  X        X        X        X        X                                                                              
  10.0  X        X        X        X        X                                                                              
   7.0  X        X        X        X        X                                                                              
   5.0  X        X        X        X        X                                                                              
   3.0  X        X        X        X        X                                                                              
   2.0  X        X        X        X        X                                                                              
   1.0  X        X        X        X        X                                                                              
-------------------------------------------------------------------------------

###############################################################################

Inventory for date = 2020-10-03 18:00:00

PRES   TT        UU        VV        RH        GEOPT     HGT       PSFC      PMSL      LANDSEA   SOILHGT   SKINTEMP  SNOWH     SNOW     
-------------------------------------------------------------------------------
1000.0  X        X        X        X        X                                                                              
 975.0  X        X        X        X        X                                                                              
 950.0  X        X        X        X        X                                                                              
 925.0  X        X        X        X        X                                                                              
 900.0  X        X        X        X        X                                                                              
 875.0  X        X        X        X        X                                                                              
 850.0  X        X        X        X        X                                                                              
 825.0  X        X        X        X        X                                                                              
 800.0  X        X        X        X        X                                                                              
 750.0  X        X        X        X        X                                                                              
 700.0  X        X        X        X        X                                                                              
 600.0  X        X        X        X        X                                                                              
 500.0  X        X        X        X        X                                                                              
 400.0  X        X        X        X        X                                                                              
 300.0  X        X        X        X        X                                                                              
 250.0  X        X        X        X        X                                                                              
 200.0  X        X        X        X        X                                                                              
 150.0  X        X        X        X        X                                                                              
 100.0  X        X        X        X        X                                                                              
  70.0  X        X        X        X        X                                                                              
  50.0  X        X        X        X        X                                                                              
  30.0  X        X        X        X        X                                                                              
  20.0  X        X        X        X        X                                                                              
  10.0  X        X        X        X        X                                                                              
   7.0  X        X        X        X        X                                                                              
   5.0  X        X        X        X        X                                                                              
   3.0  X        X        X        X        X                                                                              
   2.0  X        X        X        X        X                                                                              
   1.0  X        X        X        X        X                                                                              
-------------------------------------------------------------------------------

###############################################################################

Inventory for date = 2020-10-05 06:00:00

PRES   TT        UU        VV        RH        GEOPT     HGT       PSFC      PMSL      LANDSEA   SOILHGT   SKINTEMP  SNOWH     SNOW     
-------------------------------------------------------------------------------
1000.0  X        X        X        X        X                                                                              
 975.0  X        X        X        X        X                                                                              
 950.0  X        X        X        X        X                                                                              
 925.0  X        X        X        X        X                                                                              
 900.0  X        X        X        X        X                                                                              
 875.0  X        X        X        X        X                                                                              
 850.0  X        X        X        X        X                                                                              
 825.0  X        X        X        X        X                                                                              
 800.0  X        X        X        X        X                                                                              
 750.0  X        X        X        X        X                                                                              
 700.0  X        X        X        X        X                                                                              
 600.0  X        X        X        X        X                                                                              
 500.0  X        X        X        X        X                                                                              
 400.0  X        X        X        X        X                                                                              
 300.0  X        X        X        X        X                                                                              
 250.0  X        X        X        X        X                                                                              
 200.0  X        X        X        X        X                                                                              
 150.0  X        X        X        X        X                                                                              
 100.0  X        X        X        X        X                                                                              
  70.0  X        X        X        X        X                                                                              
  50.0  X        X        X        X        X                                                                              
  30.0  X        X        X        X        X                                                                              
  20.0  X        X        X        X        X                                                                              
  10.0  X        X        X        X        X                                                                              
   7.0  X        X        X        X        X                                                                              
   5.0  X        X        X        X        X                                                                              
   3.0  X        X        X        X        X                                                                              
   2.0  X        X        X        X        X                                                                              
   1.0  X        X        X        X        X                                                                              
-------------------------------------------------------------------------------

###############################################################################

Inventory for date = 2020-10-05 18:00:00

PRES   TT        UU        VV        RH        GEOPT     HGT       PSFC      PMSL      LANDSEA   SOILHGT   SKINTEMP  SNOWH     SNOW     
-------------------------------------------------------------------------------
2001.0  O        X        X        O        O        O        O        O        O        O        O        O        O      
-------------------------------------------------------------------------------

###############################################################################

Inventory for date = 2020-10-01 03:00:00

PRES   TT        UU        VV        RH        GEOPT     HGT       PSFC      PMSL      LANDSEA   SOILHGT   SKINTEMP  SNOWH     SNOW     
-------------------------------------------------------------------------------
2001.0  O        X        X        O        O        O        O        O        O        O        O        O        O      
-------------------------------------------------------------------------------

###############################################################################

Inventory for date = 2020-10-01 12:00:00

PRES   TT        UU        VV        RH        GEOPT     HGT       PSFC      PMSL      LANDSEA   SOILHGT   SKINTEMP  SNOWH     SNOW     
-------------------------------------------------------------------------------
2013.0  O        O        O        O        O        O        O        X        O        O        O        O        O      
2001.0  X        O        O        X        O        O        X        O        X        X        X        X        X      
-------------------------------------------------------------------------------

###############################################################################

Inventory for date = 2020-10-04 06:00:00

PRES   TT        UU        VV        RH        GEOPT     HGT       PSFC      PMSL      LANDSEA   SOILHGT   SKINTEMP  SNOWH     SNOW     
-------------------------------------------------------------------------------
1000.0  X        X        X        X        X                                                                              
 975.0  X        X        X        X        X                                                                              
 950.0  X        X        X        X        X                                                                              
 925.0  X        X        X        X        X                                                                              
 900.0  X        X        X        X        X                                                                              
 875.0  X        X        X        X        X                                                                              
 850.0  X        X        X        X        X                                                                              
 825.0  X        X        X        X        X                                                                              
 800.0  X        X        X        X        X                                                                              
 750.0  X        X        X        X        X                                                                              
 700.0  X        X        X        X        X                                                                              
 600.0  X        X        X        X        X                                                                              
 500.0  X        X        X        X        X                                                                              
 400.0  X        X        X        X        X                                                                              
 300.0  X        X        X        X        X                                                                              
 250.0  X        X        X        X        X                                                                              
 200.0  X        X        X        X        X                                                                              
 150.0  X        X        X        X        X                                                                              
 100.0  X        X        X        X        X                                                                              
  70.0  X        X        X        X        X                                                                              
  50.0  X        X        X        X        X                                                                              
  30.0  X        X        X        X        X                                                                              
  20.0  X        X        X        X        X                                                                              
  10.0  X        X        X        X        X                                                                              
   7.0  X        X        X        X        X                                                                              
   5.0  X        X        X        X        X                                                                              
   3.0  X        X        X        X        X                                                                              
   2.0  X        X        X        X        X                                                                              
   1.0  X        X        X        X        X                                                                              
-------------------------------------------------------------------------------

###############################################################################

Inventory for date = 2020-10-03 21:00:00

PRES   TT        UU        VV        RH        GEOPT     HGT       PSFC      PMSL      LANDSEA   SOILHGT   SKINTEMP  SNOWH     SNOW     
-------------------------------------------------------------------------------
2001.0  O        X        X        O        O        O        O        O        O        O        O        O        O      
-------------------------------------------------------------------------------

###############################################################################

Inventory for date = 2020-09-30 18:00:00

PRES   TT        UU        VV        RH        GEOPT     HGT       PSFC      PMSL      LANDSEA   SOILHGT   SKINTEMP  SNOWH     SNOW     
-------------------------------------------------------------------------------
2013.0  O        O        O        O        O        O        O        X        O        O        O        O        O      
2001.0  X        O        O        X        O        O        X        O        X        X        X        X        X      
-------------------------------------------------------------------------------

###############################################################################

Inventory for date = 2020-10-04 00:00:00

PRES   TT        UU        VV        RH        GEOPT     HGT       PSFC      PMSL      LANDSEA   SOILHGT   SKINTEMP  SNOWH     SNOW     
-------------------------------------------------------------------------------
1000.0  X        X        X        X        X                                                                              
 975.0  X        X        X        X        X                                                                              
 950.0  X        X        X        X        X                                                                              
 925.0  X        X        X        X        X                                                                              
 900.0  X        X        X        X        X                                                                              
 875.0  X        X        X        X        X                                                                              
 850.0  X        X        X        X        X                                                                              
 825.0  X        X        X        X        X                                                                              
 800.0  X        X        X        X        X                                                                              
 750.0  X        X        X        X        X                                                                              
 700.0  X        X        X        X        X                                                                              
 600.0  X        X        X        X        X                                                                              
 500.0  X        X        X        X        X                                                                              
 400.0  X        X        X        X        X                                                                              
 300.0  X        X        X        X        X                                                                              
 250.0  X        X        X        X        X                                                                              
 200.0  X        X        X        X        X                                                                              
 150.0  X        X        X        X        X                                                                              
 100.0  X        X        X        X        X                                                                              
  70.0  X        X        X        X        X                                                                              
  50.0  X        X        X        X        X                                                                              
  30.0  X        X        X        X        X                                                                              
  20.0  X        X        X        X        X                                                                              
  10.0  X        X        X        X        X                                                                              
   7.0  X        X        X        X        X                                                                              
   5.0  X        X        X        X        X                                                                              
   3.0  X        X        X        X        X                                                                              
   2.0  X        X        X        X        X                                                                              
   1.0  X        X        X        X        X                                                                              
-------------------------------------------------------------------------------

###############################################################################

Inventory for date = 2020-10-05 21:00:00

PRES   TT        UU        VV        RH        GEOPT     HGT       PSFC      PMSL      LANDSEA   SOILHGT   SKINTEMP  SNOWH     SNOW     
-------------------------------------------------------------------------------
2013.0  O        O        O        O        O        O        O        X        O        O        O        O        O      
2001.0  X        O        O        X        O        O        X        O        X        X        X        X        X      
-------------------------------------------------------------------------------

###############################################################################

Inventory for date = 2020-10-02 21:00:00

PRES   TT        UU        VV        RH        GEOPT     HGT       PSFC      PMSL      LANDSEA   SOILHGT   SKINTEMP  SNOWH     SNOW     
-------------------------------------------------------------------------------
2013.0  O        O        O        O        O        O        O        X        O        O        O        O        O      
2001.0  X        O        O        X        O        O        X        O        X        X        X        X        X      
-------------------------------------------------------------------------------

###############################################################################

Inventory for date = 2020-10-04 12:00:00

PRES   TT        UU        VV        RH        GEOPT     HGT       PSFC      PMSL      LANDSEA   SOILHGT   SKINTEMP  SNOWH     SNOW     
-------------------------------------------------------------------------------
2001.0  O        X        X        O        O        O        O        O        O        O        O        O        O      
-------------------------------------------------------------------------------

###############################################################################

Inventory for date = 2020-10-05 00:00:00

PRES   TT        UU        VV        RH        GEOPT     HGT       PSFC      PMSL      LANDSEA   SOILHGT   SKINTEMP  SNOWH     SNOW     
-------------------------------------------------------------------------------
1000.0  X        X        X        X        X                                                                              
 975.0  X        X        X        X        X                                                                              
 950.0  X        X        X        X        X                                                                              
 925.0  X        X        X        X        X                                                                              
 900.0  X        X        X        X        X                                                                              
 875.0  X        X        X        X        X                                                                              
 850.0  X        X        X        X        X                                                                              
 825.0  X        X        X        X        X                                                                              
 800.0  X        X        X        X        X                                                                              
 750.0  X        X        X        X        X                                                                              
 700.0  X        X        X        X        X                                                                              
 600.0  X        X        X        X        X                                                                              
 500.0  X        X        X        X        X                                                                              
 400.0  X        X        X        X        X                                                                              
 300.0  X        X        X        X        X                                                                              
 250.0  X        X        X        X        X                                                                              
 200.0  X        X        X        X        X                                                                              
 150.0  X        X        X        X        X                                                                              
 100.0  X        X        X        X        X                                                                              
  70.0  X        X        X        X        X                                                                              
  50.0  X        X        X        X        X                                                                              
  30.0  X        X        X        X        X                                                                              
  20.0  X        X        X        X        X                                                                              
  10.0  X        X        X        X        X                                                                              
   7.0  X        X        X        X        X                                                                              
   5.0  X        X        X        X        X                                                                              
   3.0  X        X        X        X        X                                                                              
   2.0  X        X        X        X        X                                                                              
   1.0  X        X        X        X        X                                                                              
-------------------------------------------------------------------------------

###############################################################################

Inventory for date = 2020-10-03 18:00:00

PRES   TT        UU        VV        RH        GEOPT     HGT       PSFC      PMSL      LANDSEA   SOILHGT   SKINTEMP  SNOWH     SNOW     
-------------------------------------------------------------------------------
2001.0  O        X        X        O        O        O        O        O        O        O        O        O        O      
-------------------------------------------------------------------------------

###############################################################################

Inventory for date = 2020-10-05 03:00:00

PRES   TT        UU        VV        RH        GEOPT     HGT       PSFC      PMSL      LANDSEA   SOILHGT   SKINTEMP  SNOWH     SNOW     
-------------------------------------------------------------------------------
2001.0  O        X        X        O        O        O        O        O        O        O        O        O        O      
-------------------------------------------------------------------------------

###############################################################################

Inventory for date = 2020-10-04 21:00:00

PRES   TT        UU        VV        RH        GEOPT     HGT       PSFC      PMSL      LANDSEA   SOILHGT   SKINTEMP  SNOWH     SNOW     
-------------------------------------------------------------------------------
2001.0  O        X        X        O        O        O        O        O        O        O        O        O        O      
-------------------------------------------------------------------------------

###############################################################################

Inventory for date = 2020-09-30 12:00:00

PRES   TT        UU        VV        RH        GEOPT     HGT       PSFC      PMSL      LANDSEA   SOILHGT   SKINTEMP  SNOWH     SNOW     
-------------------------------------------------------------------------------
2013.0  O        O        O        O        O        O        O        X        O        O        O        O        O      
2001.0  X        X        X        X        O        O        X        O        X        X        X        X        X      
1000.0  X        X        X        X        X        X                                                                     
 975.0  X        X        X        X        X        X                                                                     
 950.0  X        X        X        X        X        X                                                                     
 925.0  X        X        X        X        X        X                                                                     
 900.0  X        X        X        X        X        X                                                                     
 875.0  X        X        X        X        X        X                                                                     
 850.0  X        X        X        X        X        X                                                                     
 825.0  X        X        X        X        X        X                                                                     
 800.0  X        X        X        X        X        X                                                                     
 750.0  X        X        X        X        X        X                                                                     
 700.0  X        X        X        X        X        X                                                                     
 600.0  X        X        X        X        X        X                                                                     
 500.0  X        X        X        X        X        X                                                                     
 400.0  X        X        X        X        X        X                                                                     
 300.0  X        X        X        X        X        X                                                                     
 250.0  X        X        X        X        X        X                                                                     
 200.0  X        X        X        X        X        X                                                                     
 150.0  X        X        X        X        X        X                                                                     
 100.0  X        X        X        X        X        X                                                                     
  70.0  X        X        X        X        X        X                                                                     
  50.0  X        X        X        X        X        X                                                                     
  30.0  X        X        X        X        X        X                                                                     
  20.0  X        X        X        X        X        X                                                                     
  10.0  X        X        X        X        X        X                                                                     
   7.0  X        X        X        X        X        X                                                                     
   5.0  X        X        X        X        X        X                                                                     
   3.0  X        X        X        X        X        X                                                                     
   2.0  X        X        X        X        X        X                                                                     
   1.0  X        X        X        X        X        X                                                                     
-------------------------------------------------------------------------------

###############################################################################

Inventory for date = 2020-09-30 15:00:00

PRES   TT        UU        VV        RH        GEOPT     HGT       PSFC      PMSL      LANDSEA   SOILHGT   SKINTEMP  SNOWH     SNOW     
-------------------------------------------------------------------------------
2013.0  O        O        O        O        O        O        O        X        O        O        O        O        O      
2001.0  X        X        X        X        O        O        X        O        X        X        X        X        X      
1000.0  X        X        X        X        X        X                                                                     
 975.0  X        X        X        X        X        X                                                                     
 950.0  X        X        X        X        X        X                                                                     
 925.0  X        X        X        X        X        X                                                                     
 900.0  X        X        X        X        X        X                                                                     
 875.0  X        X        X        X        X        X                                                                     
 850.0  X        X        X        X        X        X                                                                     
 825.0  X        X        X        X        X        X                                                                     
 800.0  X        X        X        X        X        X                                                                     
 750.0  X        X        X        X        X        X                                                                     
 700.0  X        X        X        X        X        X                                                                     
 600.0  X        X        X        X        X        X                                                                     
 500.0  X        X        X        X        X        X                                                                     
 400.0  X        X        X        X        X        X                                                                     
 300.0  X        X        X        X        X        X                                                                     
 250.0  X        X        X        X        X        X                                                                     
 200.0  X        X        X        X        X        X                                                                     
 150.0  X        X        X        X        X        X                                                                     
 100.0  X        X        X        X        X        X                                                                     
  70.0  X        X        X        X        X        X                                                                     
  50.0  X        X        X        X        X        X                                                                     
  30.0  X        X        X        X        X        X                                                                     
  20.0  X        X        X        X        X        X                                                                     
  10.0  X        X        X        X        X        X                                                                     
   7.0  X        X        X        X        X        X                                                                     
   5.0  X        X        X        X        X        X                                                                     
   3.0  X        X        X        X        X        X                                                                     
   2.0  X        X        X        X        X        X                                                                     
   1.0  X        X        X        X        X        X                                                                     
-------------------------------------------------------------------------------

###############################################################################

Inventory for date = 2020-09-30 18:00:00

PRES   TT        UU        VV        RH        GEOPT     HGT       PSFC      PMSL      LANDSEA   SOILHGT   SKINTEMP  SNOWH     SNOW     
-------------------------------------------------------------------------------
2013.0  O        O        O        O        O        O        O        X        O        O        O        O        O      
2001.0  X        X        X        X        O        O        X        O        X        X        X        X        X      
1000.0  X        X        X        X        X        X                                                                     
 975.0  X        X        X        X        X        X                                                                     
 950.0  X        X        X        X        X        X                                                                     
 925.0  X        X        X        X        X        X                                                                     
 900.0  X        X        X        X        X        X                                                                     
 875.0  X        X        X        X        X        X                                                                     
 850.0  X        X        X        X        X        X                                                                     
 825.0  X        X        X        X        X        X                                                                     
 800.0  X        X        X        X        X        X                                                                     
 750.0  X        X        X        X        X        X                                                                     
 700.0  X        X        X        X        X        X                                                                     
 600.0  X        X        X        X        X        X                                                                     
 500.0  X        X        X        X        X        X                                                                     
 400.0  X        X        X        X        X        X                                                                     
 300.0  X        X        X        X        X        X                                                                     
 250.0  X        X        X        X        X        X                                                                     
 200.0  X        X        X        X        X        X                                                                     
 150.0  X        X        X        X        X        X                                                                     
 100.0  X        X        X        X        X        X                                                                     
  70.0  X        X        X        X        X        X                                                                     
  50.0  X        X        X        X        X        X                                                                     
  30.0  X        X        X        X        X        X                                                                     
  20.0  X        X        X        X        X        X                                                                     
  10.0  X        X        X        X        X        X                                                                     
   7.0  X        X        X        X        X        X                                                                     
   5.0  X        X        X        X        X        X                                                                     
   3.0  X        X        X        X        X        X                                                                     
   2.0  X        X        X        X        X        X                                                                     
   1.0  X        X        X        X        X        X                                                                     
-------------------------------------------------------------------------------

###############################################################################

Inventory for date = 2020-09-30 21:00:00

PRES   TT        UU        VV        RH        GEOPT     HGT       PSFC      PMSL      LANDSEA   SOILHGT   SKINTEMP  SNOWH     SNOW     
-------------------------------------------------------------------------------
2013.0  O        O        O        O        O        O        O        X        O        O        O        O        O      
2001.0  X        X        X        X        O        O        X        O        X        X        X        X        X      
1000.0  X        X        X        X        X        X                                                                     
 975.0  X        X        X        X        X        X                                                                     
 950.0  X        X        X        X        X        X                                                                     
 925.0  X        X        X        X        X        X                                                                     
 900.0  X        X        X        X        X        X                                                                     
 875.0  X        X        X        X        X        X                                                                     
 850.0  X        X        X        X        X        X                                                                     
 825.0  X        X        X        X        X        X                                                                     
 800.0  X        X        X        X        X        X                                                                     
 750.0  X        X        X        X        X        X                                                                     
 700.0  X        X        X        X        X        X                                                                     
 600.0  X        X        X        X        X        X                                                                     
 500.0  X        X        X        X        X        X                                                                     
 400.0  X        X        X        X        X        X                                                                     
 300.0  X        X        X        X        X        X                                                                     
 250.0  X        X        X        X        X        X                                                                     
 200.0  X        X        X        X        X        X                                                                     
 150.0  X        X        X        X        X        X                                                                     
 100.0  X        X        X        X        X        X                                                                     
  70.0  X        X        X        X        X        X                                                                     
  50.0  X        X        X        X        X        X                                                                     
  30.0  X        X        X        X        X        X                                                                     
  20.0  X        X        X        X        X        X                                                                     
  10.0  X        X        X        X        X        X                                                                     
   7.0  X        X        X        X        X        X                                                                     
   5.0  X        X        X        X        X        X                                                                     
   3.0  X        X        X        X        X        X                                                                     
   2.0  X        X        X        X        X        X                                                                     
   1.0  X        X        X        X        X        X                                                                     
-------------------------------------------------------------------------------

###############################################################################

Inventory for date = 2020-10-01 00:00:00

PRES   TT        UU        VV        RH        GEOPT     HGT       PSFC      PMSL      LANDSEA   SOILHGT   SKINTEMP  SNOWH     SNOW     
-------------------------------------------------------------------------------
2013.0  O        O        O        O        O        O        O        X        O        O        O        O        O      
2001.0  X        X        X        X        O        O        X        O        X        X        X        X        X      
1000.0  X        X        X        X        X        X                                                                     
 975.0  X        X        X        X        X        X                                                                     
 950.0  X        X        X        X        X        X                                                                     
 925.0  X        X        X        X        X        X                                                                     
 900.0  X        X        X        X        X        X                                                                     
 875.0  X        X        X        X        X        X                                                                     
 850.0  X        X        X        X        X        X                                                                     
 825.0  X        X        X        X        X        X                                                                     
 800.0  X        X        X        X        X        X                                                                     
 750.0  X        X        X        X        X        X                                                                     
 700.0  X        X        X        X        X        X                                                                     
 600.0  X        X        X        X        X        X                                                                     
 500.0  X        X        X        X        X        X                                                                     
 400.0  X        X        X        X        X        X                                                                     
 300.0  X        X        X        X        X        X                                                                     
 250.0  X        X        X        X        X        X                                                                     
 200.0  X        X        X        X        X        X                                                                     
 150.0  X        X        X        X        X        X                                                                     
 100.0  X        X        X        X        X        X                                                                     
  70.0  X        X        X        X        X        X                                                                     
  50.0  X        X        X        X        X        X                                                                     
  30.0  X        X        X        X        X        X                                                                     
  20.0  X        X        X        X        X        X                                                                     
  10.0  X        X        X        X        X        X                                                                     
   7.0  X        X        X        X        X        X                                                                     
   5.0  X        X        X        X        X        X                                                                     
   3.0  X        X        X        X        X        X                                                                     
   2.0  X        X        X        X        X        X                                                                     
   1.0  X        X        X        X        X        X                                                                     
-------------------------------------------------------------------------------

###############################################################################

Inventory for date = 2020-10-01 03:00:00

PRES   TT        UU        VV        RH        GEOPT     HGT       PSFC      PMSL      LANDSEA   SOILHGT   SKINTEMP  SNOWH     SNOW     
-------------------------------------------------------------------------------
2013.0  O        O        O        O        O        O        O        X        O        O        O        O        O      
2001.0  X        X        X        X        O        O        X        O        X        X        X        X        X      
1000.0  X        X        X        X        X        X                                                                     
 975.0  X        X        X        X        X        X                                                                     
 950.0  X        X        X        X        X        X                                                                     
 925.0  X        X        X        X        X        X                                                                     
 900.0  X        X        X        X        X        X                                                                     
 875.0  X        X        X        X        X        X                                                                     
 850.0  X        X        X        X        X        X                                                                     
 825.0  X        X        X        X        X        X                                                                     
 800.0  X        X        X        X        X        X                                                                     
 750.0  X        X        X        X        X        X                                                                     
 700.0  X        X        X        X        X        X                                                                     
 600.0  X        X        X        X        X        X                                                                     
 500.0  X        X        X        X        X        X                                                                     
 400.0  X        X        X        X        X        X                                                                     
 300.0  X        X        X        X        X        X                                                                     
 250.0  X        X        X        X        X        X                                                                     
 200.0  X        X        X        X        X        X                                                                     
 150.0  X        X        X        X        X        X                                                                     
 100.0  X        X        X        X        X        X                                                                     
  70.0  X        X        X        X        X        X                                                                     
  50.0  X        X        X        X        X        X                                                                     
  30.0  X        X        X        X        X        X                                                                     
  20.0  X        X        X        X        X        X                                                                     
  10.0  X        X        X        X        X        X                                                                     
   7.0  X        X        X        X        X        X                                                                     
   5.0  X        X        X        X        X        X                                                                     
   3.0  X        X        X        X        X        X                                                                     
   2.0  X        X        X        X        X        X                                                                     
   1.0  X        X        X        X        X        X                                                                     
-------------------------------------------------------------------------------

###############################################################################

Inventory for date = 2020-10-01 06:00:00

PRES   TT        UU        VV        RH        GEOPT     HGT       PSFC      PMSL      LANDSEA   SOILHGT   SKINTEMP  SNOWH     SNOW     
-------------------------------------------------------------------------------
2013.0  O        O        O        O        O        O        O        X        O        O        O        O        O      
2001.0  X        X        X        X        O        O        X        O        X        X        X        X        X      
1000.0  X        X        X        X        X        X                                                                     
 975.0  X        X        X        X        X        X                                                                     
 950.0  X        X        X        X        X        X                                                                     
 925.0  X        X        X        X        X        X                                                                     
 900.0  X        X        X        X        X        X                                                                     
 875.0  X        X        X        X        X        X                                                                     
 850.0  X        X        X        X        X        X                                                                     
 825.0  X        X        X        X        X        X                                                                     
 800.0  X        X        X        X        X        X                                                                     
 750.0  X        X        X        X        X        X                                                                     
 700.0  X        X        X        X        X        X                                                                     
 600.0  X        X        X        X        X        X                                                                     
 500.0  X        X        X        X        X        X                                                                     
 400.0  X        X        X        X        X        X                                                                     
 300.0  X        X        X        X        X        X                                                                     
 250.0  X        X        X        X        X        X                                                                     
 200.0  X        X        X        X        X        X                                                                     
 150.0  X        X        X        X        X        X                                                                     
 100.0  X        X        X        X        X        X                                                                     
  70.0  X        X        X        X        X        X                                                                     
  50.0  X        X        X        X        X        X                                                                     
  30.0  X        X        X        X        X        X                                                                     
  20.0  X        X        X        X        X        X                                                                     
  10.0  X        X        X        X        X        X                                                                     
   7.0  X        X        X        X        X        X                                                                     
   5.0  X        X        X        X        X        X                                                                     
   3.0  X        X        X        X        X        X                                                                     
   2.0  X        X        X        X        X        X                                                                     
   1.0  X        X        X        X        X        X                                                                     
-------------------------------------------------------------------------------

###############################################################################

Inventory for date = 2020-10-01 09:00:00

PRES   TT        UU        VV        RH        GEOPT     HGT       PSFC      PMSL      LANDSEA   SOILHGT   SKINTEMP  SNOWH     SNOW     
-------------------------------------------------------------------------------
2013.0  O        O        O        O        O        O        O        X        O        O        O        O        O      
2001.0  X        X        X        X        O        O        X        O        X        X        X        X        X      
1000.0  X        X        X        X        X        X                                                                     
 975.0  X        X        X        X        X        X                                                                     
 950.0  X        X        X        X        X        X                                                                     
 925.0  X        X        X        X        X        X                                                                     
 900.0  X        X        X        X        X        X                                                                     
 875.0  X        X        X        X        X        X                                                                     
 850.0  X        X        X        X        X        X                                                                     
 825.0  X        X        X        X        X        X                                                                     
 800.0  X        X        X        X        X        X                                                                     
 750.0  X        X        X        X        X        X                                                                     
 700.0  X        X        X        X        X        X                                                                     
 600.0  X        X        X        X        X        X                                                                     
 500.0  X        X        X        X        X        X                                                                     
 400.0  X        X        X        X        X        X                                                                     
 300.0  X        X        X        X        X        X                                                                     
 250.0  X        X        X        X        X        X                                                                     
 200.0  X        X        X        X        X        X                                                                     
 150.0  X        X        X        X        X        X                                                                     
 100.0  X        X        X        X        X        X                                                                     
  70.0  X        X        X        X        X        X                                                                     
  50.0  X        X        X        X        X        X                                                                     
  30.0  X        X        X        X        X        X                                                                     
  20.0  X        X        X        X        X        X                                                                     
  10.0  X        X        X        X        X        X                                                                     
   7.0  X        X        X        X        X        X                                                                     
   5.0  X        X        X        X        X        X                                                                     
   3.0  X        X        X        X        X        X                                                                     
   2.0  X        X        X        X        X        X                                                                     
   1.0  X        X        X        X        X        X                                                                     
-------------------------------------------------------------------------------

###############################################################################

Inventory for date = 2020-10-01 12:00:00

PRES   TT        UU        VV        RH        GEOPT     HGT       PSFC      PMSL      LANDSEA   SOILHGT   SKINTEMP  SNOWH     SNOW     
-------------------------------------------------------------------------------
2013.0  O        O        O        O        O        O        O        X        O        O        O        O        O      
2001.0  X        X        X        X        O        O        X        O        X        X        X        X        X      
1000.0  X        X        X        X        X        X                                                                     
 975.0  X        X        X        X        X        X                                                                     
 950.0  X        X        X        X        X        X                                                                     
 925.0  X        X        X        X        X        X                                                                     
 900.0  X        X        X        X        X        X                                                                     
 875.0  X        X        X        X        X        X                                                                     
 850.0  X        X        X        X        X        X                                                                     
 825.0  X        X        X        X        X        X                                                                     
 800.0  X        X        X        X        X        X                                                                     
 750.0  X        X        X        X        X        X                                                                     
 700.0  X        X        X        X        X        X                                                                     
 600.0  X        X        X        X        X        X                                                                     
 500.0  X        X        X        X        X        X                                                                     
 400.0  X        X        X        X        X        X                                                                     
 300.0  X        X        X        X        X        X                                                                     
 250.0  X        X        X        X        X        X                                                                     
 200.0  X        X        X        X        X        X                                                                     
 150.0  X        X        X        X        X        X                                                                     
 100.0  X        X        X        X        X        X                                                                     
  70.0  X        X        X        X        X        X                                                                     
  50.0  X        X        X        X        X        X                                                                     
  30.0  X        X        X        X        X        X                                                                     
  20.0  X        X        X        X        X        X                                                                     
  10.0  X        X        X        X        X        X                                                                     
   7.0  X        X        X        X        X        X                                                                     
   5.0  X        X        X        X        X        X                                                                     
   3.0  X        X        X        X        X        X                                                                     
   2.0  X        X        X        X        X        X                                                                     
   1.0  X        X        X        X        X        X                                                                     
-------------------------------------------------------------------------------

###############################################################################

Inventory for date = 2020-10-01 15:00:00

PRES   TT        UU        VV        RH        GEOPT     HGT       PSFC      PMSL      LANDSEA   SOILHGT   SKINTEMP  SNOWH     SNOW     
-------------------------------------------------------------------------------
2013.0  O        O        O        O        O        O        O        X        O        O        O        O        O      
2001.0  X        X        X        X        O        O        X        O        X        X        X        X        X      
1000.0  X        X        X        X        X        X                                                                     
 975.0  X        X        X        X        X        X                                                                     
 950.0  X        X        X        X        X        X                                                                     
 925.0  X        X        X        X        X        X                                                                     
 900.0  X        X        X        X        X        X                                                                     
 875.0  X        X        X        X        X        X                                                                     
 850.0  X        X        X        X        X        X                                                                     
 825.0  X        X        X        X        X        X                                                                     
 800.0  X        X        X        X        X        X                                                                     
 750.0  X        X        X        X        X        X                                                                     
 700.0  X        X        X        X        X        X                                                                     
 600.0  X        X        X        X        X        X                                                                     
 500.0  X        X        X        X        X        X                                                                     
 400.0  X        X        X        X        X        X                                                                     
 300.0  X        X        X        X        X        X                                                                     
 250.0  X        X        X        X        X        X                                                                     
 200.0  X        X        X        X        X        X                                                                     
 150.0  X        X        X        X        X        X                                                                     
 100.0  X        X        X        X        X        X                                                                     
  70.0  X        X        X        X        X        X                                                                     
  50.0  X        X        X        X        X        X                                                                     
  30.0  X        X        X        X        X        X                                                                     
  20.0  X        X        X        X        X        X                                                                     
  10.0  X        X        X        X        X        X                                                                     
   7.0  X        X        X        X        X        X                                                                     
   5.0  X        X        X        X        X        X                                                                     
   3.0  X        X        X        X        X        X                                                                     
   2.0  X        X        X        X        X        X                                                                     
   1.0  X        X        X        X        X        X                                                                     
-------------------------------------------------------------------------------

###############################################################################

Inventory for date = 2020-10-01 18:00:00

PRES   TT        UU        VV        RH        GEOPT     HGT       PSFC      PMSL      LANDSEA   SOILHGT   SKINTEMP  SNOWH     SNOW     
-------------------------------------------------------------------------------
2013.0  O        O        O        O        O        O        O        X        O        O        O        O        O      
2001.0  X        X        X        X        O        O        X        O        X        X        X        X        X      
1000.0  X        X        X        X        X        X                                                                     
 975.0  X        X        X        X        X        X                                                                     
 950.0  X        X        X        X        X        X                                                                     
 925.0  X        X        X        X        X        X                                                                     
 900.0  X        X        X        X        X        X                                                                     
 875.0  X        X        X        X        X        X                                                                     
 850.0  X        X        X        X        X        X                                                                     
 825.0  X        X        X        X        X        X                                                                     
 800.0  X        X        X        X        X        X                                                                     
 750.0  X        X        X        X        X        X                                                                     
 700.0  X        X        X        X        X        X                                                                     
 600.0  X        X        X        X        X        X                                                                     
 500.0  X        X        X        X        X        X                                                                     
 400.0  X        X        X        X        X        X                                                                     
 300.0  X        X        X        X        X        X                                                                     
 250.0  X        X        X        X        X        X                                                                     
 200.0  X        X        X        X        X        X                                                                     
 150.0  X        X        X        X        X        X                                                                     
 100.0  X        X        X        X        X        X                                                                     
  70.0  X        X        X        X        X        X                                                                     
  50.0  X        X        X        X        X        X                                                                     
  30.0  X        X        X        X        X        X                                                                     
  20.0  X        X        X        X        X        X                                                                     
  10.0  X        X        X        X        X        X                                                                     
   7.0  X        X        X        X        X        X                                                                     
   5.0  X        X        X        X        X        X                                                                     
   3.0  X        X        X        X        X        X                                                                     
   2.0  X        X        X        X        X        X                                                                     
   1.0  X        X        X        X        X        X                                                                     
-------------------------------------------------------------------------------

###############################################################################

Inventory for date = 2020-10-01 21:00:00

PRES   TT        UU        VV        RH        GEOPT     HGT       PSFC      PMSL      LANDSEA   SOILHGT   SKINTEMP  SNOWH     SNOW     
-------------------------------------------------------------------------------
2013.0  O        O        O        O        O        O        O        X        O        O        O        O        O      
2001.0  X        X        X        X        O        O        X        O        X        X        X        X        X      
1000.0  X        X        X        X        X        X                                                                     
 975.0  X        X        X        X        X        X                                                                     
 950.0  X        X        X        X        X        X                                                                     
 925.0  X        X        X        X        X        X                                                                     
 900.0  X        X        X        X        X        X                                                                     
 875.0  X        X        X        X        X        X                                                                     
 850.0  X        X        X        X        X        X                                                                     
 825.0  X        X        X        X        X        X                                                                     
 800.0  X        X        X        X        X        X                                                                     
 750.0  X        X        X        X        X        X                                                                     
 700.0  X        X        X        X        X        X                                                                     
 600.0  X        X        X        X        X        X                                                                     
 500.0  X        X        X        X        X        X                                                                     
 400.0  X        X        X        X        X        X                                                                     
 300.0  X        X        X        X        X        X                                                                     
 250.0  X        X        X        X        X        X                                                                     
 200.0  X        X        X        X        X        X                                                                     
 150.0  X        X        X        X        X        X                                                                     
 100.0  X        X        X        X        X        X                                                                     
  70.0  X        X        X        X        X        X                                                                     
  50.0  X        X        X        X        X        X                                                                     
  30.0  X        X        X        X        X        X                                                                     
  20.0  X        X        X        X        X        X                                                                     
  10.0  X        X        X        X        X        X                                                                     
   7.0  X        X        X        X        X        X                                                                     
   5.0  X        X        X        X        X        X                                                                     
   3.0  X        X        X        X        X        X                                                                     
   2.0  X        X        X        X        X        X                                                                     
   1.0  X        X        X        X        X        X                                                                     
-------------------------------------------------------------------------------

###############################################################################

Inventory for date = 2020-10-02 00:00:00

PRES   TT        UU        VV        RH        GEOPT     HGT       PSFC      PMSL      LANDSEA   SOILHGT   SKINTEMP  SNOWH     SNOW     
-------------------------------------------------------------------------------
2013.0  O        O        O        O        O        O        O        X        O        O        O        O        O      
2001.0  X        X        X        X        O        O        X        O        X        X        X        X        X      
1000.0  X        X        X        X        X        X                                                                     
 975.0  X        X        X        X        X        X                                                                     
 950.0  X        X        X        X        X        X                                                                     
 925.0  X        X        X        X        X        X                                                                     
 900.0  X        X        X        X        X        X                                                                     
 875.0  X        X        X        X        X        X                                                                     
 850.0  X        X        X        X        X        X                                                                     
 825.0  X        X        X        X        X        X                                                                     
 800.0  X        X        X        X        X        X                                                                     
 750.0  X        X        X        X        X        X                                                                     
 700.0  X        X        X        X        X        X                                                                     
 600.0  X        X        X        X        X        X                                                                     
 500.0  X        X        X        X        X        X                                                                     
 400.0  X        X        X        X        X        X                                                                     
 300.0  X        X        X        X        X        X                                                                     
 250.0  X        X        X        X        X        X                                                                     
 200.0  X        X        X        X        X        X                                                                     
 150.0  X        X        X        X        X        X                                                                     
 100.0  X        X        X        X        X        X                                                                     
  70.0  X        X        X        X        X        X                                                                     
  50.0  X        X        X        X        X        X                                                                     
  30.0  X        X        X        X        X        X                                                                     
  20.0  X        X        X        X        X        X                                                                     
  10.0  X        X        X        X        X        X                                                                     
   7.0  X        X        X        X        X        X                                                                     
   5.0  X        X        X        X        X        X                                                                     
   3.0  X        X        X        X        X        X                                                                     
   2.0  X        X        X        X        X        X                                                                     
   1.0  X        X        X        X        X        X                                                                     
-------------------------------------------------------------------------------

###############################################################################

Inventory for date = 2020-10-02 03:00:00

PRES   TT        UU        VV        RH        GEOPT     HGT       PSFC      PMSL      LANDSEA   SOILHGT   SKINTEMP  SNOWH     SNOW     
-------------------------------------------------------------------------------
2013.0  O        O        O        O        O        O        O        X        O        O        O        O        O      
2001.0  X        X        X        X        O        O        X        O        X        X        X        X        X      
1000.0  X        X        X        X        X        X                                                                     
 975.0  X        X        X        X        X        X                                                                     
 950.0  X        X        X        X        X        X                                                                     
 925.0  X        X        X        X        X        X                                                                     
 900.0  X        X        X        X        X        X                                                                     
 875.0  X        X        X        X        X        X                                                                     
 850.0  X        X        X        X        X        X                                                                     
 825.0  X        X        X        X        X        X                                                                     
 800.0  X        X        X        X        X        X                                                                     
 750.0  X        X        X        X        X        X                                                                     
 700.0  X        X        X        X        X        X                                                                     
 600.0  X        X        X        X        X        X                                                                     
 500.0  X        X        X        X        X        X                                                                     
 400.0  X        X        X        X        X        X                                                                     
 300.0  X        X        X        X        X        X                                                                     
 250.0  X        X        X        X        X        X                                                                     
 200.0  X        X        X        X        X        X                                                                     
 150.0  X        X        X        X        X        X                                                                     
 100.0  X        X        X        X        X        X                                                                     
  70.0  X        X        X        X        X        X                                                                     
  50.0  X        X        X        X        X        X                                                                     
  30.0  X        X        X        X        X        X                                                                     
  20.0  X        X        X        X        X        X                                                                     
  10.0  X        X        X        X        X        X                                                                     
   7.0  X        X        X        X        X        X                                                                     
   5.0  X        X        X        X        X        X                                                                     
   3.0  X        X        X        X        X        X                                                                     
   2.0  X        X        X        X        X        X                                                                     
   1.0  X        X        X        X        X        X                                                                     
-------------------------------------------------------------------------------

###############################################################################

Inventory for date = 2020-10-02 06:00:00

PRES   TT        UU        VV        RH        GEOPT     HGT       PSFC      PMSL      LANDSEA   SOILHGT   SKINTEMP  SNOWH     SNOW     
-------------------------------------------------------------------------------
2013.0  O        O        O        O        O        O        O        X        O        O        O        O        O      
2001.0  X        X        X        X        O        O        X        O        X        X        X        X        X      
1000.0  X        X        X        X        X        X                                                                     
 975.0  X        X        X        X        X        X                                                                     
 950.0  X        X        X        X        X        X                                                                     
 925.0  X        X        X        X        X        X                                                                     
 900.0  X        X        X        X        X        X                                                                     
 875.0  X        X        X        X        X        X                                                                     
 850.0  X        X        X        X        X        X                                                                     
 825.0  X        X        X        X        X        X                                                                     
 800.0  X        X        X        X        X        X                                                                     
 750.0  X        X        X        X        X        X                                                                     
 700.0  X        X        X        X        X        X                                                                     
 600.0  X        X        X        X        X        X                                                                     
 500.0  X        X        X        X        X        X                                                                     
 400.0  X        X        X        X        X        X                                                                     
 300.0  X        X        X        X        X        X                                                                     
 250.0  X        X        X        X        X        X                                                                     
 200.0  X        X        X        X        X        X                                                                     
 150.0  X        X        X        X        X        X                                                                     
 100.0  X        X        X        X        X        X                                                                     
  70.0  X        X        X        X        X        X                                                                     
  50.0  X        X        X        X        X        X                                                                     
  30.0  X        X        X        X        X        X                                                                     
  20.0  X        X        X        X        X        X                                                                     
  10.0  X        X        X        X        X        X                                                                     
   7.0  X        X        X        X        X        X                                                                     
   5.0  X        X        X        X        X        X                                                                     
   3.0  X        X        X        X        X        X                                                                     
   2.0  X        X        X        X        X        X                                                                     
   1.0  X        X        X        X        X        X                                                                     
-------------------------------------------------------------------------------

###############################################################################

Inventory for date = 2020-10-02 09:00:00

PRES   TT        UU        VV        RH        GEOPT     HGT       PSFC      PMSL      LANDSEA   SOILHGT   SKINTEMP  SNOWH     SNOW     
-------------------------------------------------------------------------------
2013.0  O        O        O        O        O        O        O        X        O        O        O        O        O      
2001.0  X        X        X        X        O        O        X        O        X        X        X        X        X      
1000.0  X        X        X        X        X        X                                                                     
 975.0  X        X        X        X        X        X                                                                     
 950.0  X        X        X        X        X        X                                                                     
 925.0  X        X        X        X        X        X                                                                     
 900.0  X        X        X        X        X        X                                                                     
 875.0  X        X        X        X        X        X                                                                     
 850.0  X        X        X        X        X        X                                                                     
 825.0  X        X        X        X        X        X                                                                     
 800.0  X        X        X        X        X        X                                                                     
 750.0  X        X        X        X        X        X                                                                     
 700.0  X        X        X        X        X        X                                                                     
 600.0  X        X        X        X        X        X                                                                     
 500.0  X        X        X        X        X        X                                                                     
 400.0  X        X        X        X        X        X                                                                     
 300.0  X        X        X        X        X        X                                                                     
 250.0  X        X        X        X        X        X                                                                     
 200.0  X        X        X        X        X        X                                                                     
 150.0  X        X        X        X        X        X                                                                     
 100.0  X        X        X        X        X        X                                                                     
  70.0  X        X        X        X        X        X                                                                     
  50.0  X        X        X        X        X        X                                                                     
  30.0  X        X        X        X        X        X                                                                     
  20.0  X        X        X        X        X        X                                                                     
  10.0  X        X        X        X        X        X                                                                     
   7.0  X        X        X        X        X        X                                                                     
   5.0  X        X        X        X        X        X                                                                     
   3.0  X        X        X        X        X        X                                                                     
   2.0  X        X        X        X        X        X                                                                     
   1.0  X        X        X        X        X        X                                                                     
-------------------------------------------------------------------------------

###############################################################################

Inventory for date = 2020-10-02 12:00:00

PRES   TT        UU        VV        RH        GEOPT     HGT       PSFC      PMSL      LANDSEA   SOILHGT   SKINTEMP  SNOWH     SNOW     
-------------------------------------------------------------------------------
2013.0  O        O        O        O        O        O        O        X        O        O        O        O        O      
2001.0  X        X        X        X        O        O        X        O        X        X        X        X        X      
1000.0  X        X        X        X        X        X                                                                     
 975.0  X        X        X        X        X        X                                                                     
 950.0  X        X        X        X        X        X                                                                     
 925.0  X        X        X        X        X        X                                                                     
 900.0  X        X        X        X        X        X                                                                     
 875.0  X        X        X        X        X        X                                                                     
 850.0  X        X        X        X        X        X                                                                     
 825.0  X        X        X        X        X        X                                                                     
 800.0  X        X        X        X        X        X                                                                     
 750.0  X        X        X        X        X        X                                                                     
 700.0  X        X        X        X        X        X                                                                     
 600.0  X        X        X        X        X        X                                                                     
 500.0  X        X        X        X        X        X                                                                     
 400.0  X        X        X        X        X        X                                                                     
 300.0  X        X        X        X        X        X                                                                     
 250.0  X        X        X        X        X        X                                                                     
 200.0  X        X        X        X        X        X                                                                     
 150.0  X        X        X        X        X        X                                                                     
 100.0  X        X        X        X        X        X                                                                     
  70.0  X        X        X        X        X        X                                                                     
  50.0  X        X        X        X        X        X                                                                     
  30.0  X        X        X        X        X        X                                                                     
  20.0  X        X        X        X        X        X                                                                     
  10.0  X        X        X        X        X        X                                                                     
   7.0  X        X        X        X        X        X                                                                     
   5.0  X        X        X        X        X        X                                                                     
   3.0  X        X        X        X        X        X                                                                     
   2.0  X        X        X        X        X        X                                                                     
   1.0  X        X        X        X        X        X                                                                     
-------------------------------------------------------------------------------

###############################################################################

Inventory for date = 2020-10-02 15:00:00

PRES   TT        UU        VV        RH        GEOPT     HGT       PSFC      PMSL      LANDSEA   SOILHGT   SKINTEMP  SNOWH     SNOW     
-------------------------------------------------------------------------------
2013.0  O        O        O        O        O        O        O        X        O        O        O        O        O      
2001.0  X        X        X        X        O        O        X        O        X        X        X        X        X      
1000.0  X        X        X        X        X        X                                                                     
 975.0  X        X        X        X        X        X                                                                     
 950.0  X        X        X        X        X        X                                                                     
 925.0  X        X        X        X        X        X                                                                     
 900.0  X        X        X        X        X        X                                                                     
 875.0  X        X        X        X        X        X                                                                     
 850.0  X        X        X        X        X        X                                                                     
 825.0  X        X        X        X        X        X                                                                     
 800.0  X        X        X        X        X        X                                                                     
 750.0  X        X        X        X        X        X                                                                     
 700.0  X        X        X        X        X        X                                                                     
 600.0  X        X        X        X        X        X                                                                     
 500.0  X        X        X        X        X        X                                                                     
 400.0  X        X        X        X        X        X                                                                     
 300.0  X        X        X        X        X        X                                                                     
 250.0  X        X        X        X        X        X                                                                     
 200.0  X        X        X        X        X        X                                                                     
 150.0  X        X        X        X        X        X                                                                     
 100.0  X        X        X        X        X        X                                                                     
  70.0  X        X        X        X        X        X                                                                     
  50.0  X        X        X        X        X        X                                                                     
  30.0  X        X        X        X        X        X                                                                     
  20.0  X        X        X        X        X        X                                                                     
  10.0  X        X        X        X        X        X                                                                     
   7.0  X        X        X        X        X        X                                                                     
   5.0  X        X        X        X        X        X                                                                     
   3.0  X        X        X        X        X        X                                                                     
   2.0  X        X        X        X        X        X                                                                     
   1.0  X        X        X        X        X        X                                                                     
-------------------------------------------------------------------------------

###############################################################################

Inventory for date = 2020-10-02 18:00:00

PRES   TT        UU        VV        RH        GEOPT     HGT       PSFC      PMSL      LANDSEA   SOILHGT   SKINTEMP  SNOWH     SNOW     
-------------------------------------------------------------------------------
2013.0  O        O        O        O        O        O        O        X        O        O        O        O        O      
2001.0  X        X        X        X        O        O        X        O        X        X        X        X        X      
1000.0  X        X        X        X        X        X                                                                     
 975.0  X        X        X        X        X        X                                                                     
 950.0  X        X        X        X        X        X                                                                     
 925.0  X        X        X        X        X        X                                                                     
 900.0  X        X        X        X        X        X                                                                     
 875.0  X        X        X        X        X        X                                                                     
 850.0  X        X        X        X        X        X                                                                     
 825.0  X        X        X        X        X        X                                                                     
 800.0  X        X        X        X        X        X                                                                     
 750.0  X        X        X        X        X        X                                                                     
 700.0  X        X        X        X        X        X                                                                     
 600.0  X        X        X        X        X        X                                                                     
 500.0  X        X        X        X        X        X                                                                     
 400.0  X        X        X        X        X        X                                                                     
 300.0  X        X        X        X        X        X                                                                     
 250.0  X        X        X        X        X        X                                                                     
 200.0  X        X        X        X        X        X                                                                     
 150.0  X        X        X        X        X        X                                                                     
 100.0  X        X        X        X        X        X                                                                     
  70.0  X        X        X        X        X        X                                                                     
  50.0  X        X        X        X        X        X                                                                     
  30.0  X        X        X        X        X        X                                                                     
  20.0  X        X        X        X        X        X                                                                     
  10.0  X        X        X        X        X        X                                                                     
   7.0  X        X        X        X        X        X                                                                     
   5.0  X        X        X        X        X        X                                                                     
   3.0  X        X        X        X        X        X                                                                     
   2.0  X        X        X        X        X        X                                                                     
   1.0  X        X        X        X        X        X                                                                     
-------------------------------------------------------------------------------

###############################################################################

Inventory for date = 2020-10-02 21:00:00

PRES   TT        UU        VV        RH        GEOPT     HGT       PSFC      PMSL      LANDSEA   SOILHGT   SKINTEMP  SNOWH     SNOW     
-------------------------------------------------------------------------------
2013.0  O        O        O        O        O        O        O        X        O        O        O        O        O      
2001.0  X        X        X        X        O        O        X        O        X        X        X        X        X      
1000.0  X        X        X        X        X        X                                                                     
 975.0  X        X        X        X        X        X                                                                     
 950.0  X        X        X        X        X        X                                                                     
 925.0  X        X        X        X        X        X                                                                     
 900.0  X        X        X        X        X        X                                                                     
 875.0  X        X        X        X        X        X                                                                     
 850.0  X        X        X        X        X        X                                                                     
 825.0  X        X        X        X        X        X                                                                     
 800.0  X        X        X        X        X        X                                                                     
 750.0  X        X        X        X        X        X                                                                     
 700.0  X        X        X        X        X        X                                                                     
 600.0  X        X        X        X        X        X                                                                     
 500.0  X        X        X        X        X        X                                                                     
 400.0  X        X        X        X        X        X                                                                     
 300.0  X        X        X        X        X        X                                                                     
 250.0  X        X        X        X        X        X                                                                     
 200.0  X        X        X        X        X        X                                                                     
 150.0  X        X        X        X        X        X                                                                     
 100.0  X        X        X        X        X        X                                                                     
  70.0  X        X        X        X        X        X                                                                     
  50.0  X        X        X        X        X        X                                                                     
  30.0  X        X        X        X        X        X                                                                     
  20.0  X        X        X        X        X        X                                                                     
  10.0  X        X        X        X        X        X                                                                     
   7.0  X        X        X        X        X        X                                                                     
   5.0  X        X        X        X        X        X                                                                     
   3.0  X        X        X        X        X        X                                                                     
   2.0  X        X        X        X        X        X                                                                     
   1.0  X        X        X        X        X        X                                                                     
-------------------------------------------------------------------------------

###############################################################################

Inventory for date = 2020-10-03 00:00:00

PRES   TT        UU        VV        RH        GEOPT     HGT       PSFC      PMSL      LANDSEA   SOILHGT   SKINTEMP  SNOWH     SNOW     
-------------------------------------------------------------------------------
2013.0  O        O        O        O        O        O        O        X        O        O        O        O        O      
2001.0  X        X        X        X        O        O        X        O        X        X        X        X        X      
1000.0  X        X        X        X        X        X                                                                     
 975.0  X        X        X        X        X        X                                                                     
 950.0  X        X        X        X        X        X                                                                     
 925.0  X        X        X        X        X        X                                                                     
 900.0  X        X        X        X        X        X                                                                     
 875.0  X        X        X        X        X        X                                                                     
 850.0  X        X        X        X        X        X                                                                     
 825.0  X        X        X        X        X        X                                                                     
 800.0  X        X        X        X        X        X                                                                     
 750.0  X        X        X        X        X        X                                                                     
 700.0  X        X        X        X        X        X                                                                     
 600.0  X        X        X        X        X        X                                                                     
 500.0  X        X        X        X        X        X                                                                     
 400.0  X        X        X        X        X        X                                                                     
 300.0  X        X        X        X        X        X                                                                     
 250.0  X        X        X        X        X        X                                                                     
 200.0  X        X        X        X        X        X                                                                     
 150.0  X        X        X        X        X        X                                                                     
 100.0  X        X        X        X        X        X                                                                     
  70.0  X        X        X        X        X        X                                                                     
  50.0  X        X        X        X        X        X                                                                     
  30.0  X        X        X        X        X        X                                                                     
  20.0  X        X        X        X        X        X                                                                     
  10.0  X        X        X        X        X        X                                                                     
   7.0  X        X        X        X        X        X                                                                     
   5.0  X        X        X        X        X        X                                                                     
   3.0  X        X        X        X        X        X                                                                     
   2.0  X        X        X        X        X        X                                                                     
   1.0  X        X        X        X        X        X                                                                     
-------------------------------------------------------------------------------

###############################################################################

Inventory for date = 2020-10-03 03:00:00

PRES   TT        UU        VV        RH        GEOPT     HGT       PSFC      PMSL      LANDSEA   SOILHGT   SKINTEMP  SNOWH     SNOW     
-------------------------------------------------------------------------------
2013.0  O        O        O        O        O        O        O        X        O        O        O        O        O      
2001.0  X        X        X        X        O        O        X        O        X        X        X        X        X      
1000.0  X        X        X        X        X        X                                                                     
 975.0  X        X        X        X        X        X                                                                     
 950.0  X        X        X        X        X        X                                                                     
 925.0  X        X        X        X        X        X                                                                     
 900.0  X        X        X        X        X        X                                                                     
 875.0  X        X        X        X        X        X                                                                     
 850.0  X        X        X        X        X        X                                                                     
 825.0  X        X        X        X        X        X                                                                     
 800.0  X        X        X        X        X        X                                                                     
 750.0  X        X        X        X        X        X                                                                     
 700.0  X        X        X        X        X        X                                                                     
 600.0  X        X        X        X        X        X                                                                     
 500.0  X        X        X        X        X        X                                                                     
 400.0  X        X        X        X        X        X                                                                     
 300.0  X        X        X        X        X        X                                                                     
 250.0  X        X        X        X        X        X                                                                     
 200.0  X        X        X        X        X        X                                                                     
 150.0  X        X        X        X        X        X                                                                     
 100.0  X        X        X        X        X        X                                                                     
  70.0  X        X        X        X        X        X                                                                     
  50.0  X        X        X        X        X        X                                                                     
  30.0  X        X        X        X        X        X                                                                     
  20.0  X        X        X        X        X        X                                                                     
  10.0  X        X        X        X        X        X                                                                     
   7.0  X        X        X        X        X        X                                                                     
   5.0  X        X        X        X        X        X                                                                     
   3.0  X        X        X        X        X        X                                                                     
   2.0  X        X        X        X        X        X                                                                     
   1.0  X        X        X        X        X        X                                                                     
-------------------------------------------------------------------------------

###############################################################################

Inventory for date = 2020-10-03 06:00:00

PRES   TT        UU        VV        RH        GEOPT     HGT       PSFC      PMSL      LANDSEA   SOILHGT   SKINTEMP  SNOWH     SNOW     
-------------------------------------------------------------------------------
2013.0  O        O        O        O        O        O        O        X        O        O        O        O        O      
2001.0  X        X        X        X        O        O        X        O        X        X        X        X        X      
1000.0  X        X        X        X        X        X                                                                     
 975.0  X        X        X        X        X        X                                                                     
 950.0  X        X        X        X        X        X                                                                     
 925.0  X        X        X        X        X        X                                                                     
 900.0  X        X        X        X        X        X                                                                     
 875.0  X        X        X        X        X        X                                                                     
 850.0  X        X        X        X        X        X                                                                     
 825.0  X        X        X        X        X        X                                                                     
 800.0  X        X        X        X        X        X                                                                     
 750.0  X        X        X        X        X        X                                                                     
 700.0  X        X        X        X        X        X                                                                     
 600.0  X        X        X        X        X        X                                                                     
 500.0  X        X        X        X        X        X                                                                     
 400.0  X        X        X        X        X        X                                                                     
 300.0  X        X        X        X        X        X                                                                     
 250.0  X        X        X        X        X        X                                                                     
 200.0  X        X        X        X        X        X                                                                     
 150.0  X        X        X        X        X        X                                                                     
 100.0  X        X        X        X        X        X                                                                     
  70.0  X        X        X        X        X        X                                                                     
  50.0  X        X        X        X        X        X                                                                     
  30.0  X        X        X        X        X        X                                                                     
  20.0  X        X        X        X        X        X                                                                     
  10.0  X        X        X        X        X        X                                                                     
   7.0  X        X        X        X        X        X                                                                     
   5.0  X        X        X        X        X        X                                                                     
   3.0  X        X        X        X        X        X                                                                     
   2.0  X        X        X        X        X        X                                                                     
   1.0  X        X        X        X        X        X                                                                     
-------------------------------------------------------------------------------

###############################################################################

Inventory for date = 2020-10-03 09:00:00

PRES   TT        UU        VV        RH        GEOPT     HGT       PSFC      PMSL      LANDSEA   SOILHGT   SKINTEMP  SNOWH     SNOW     
-------------------------------------------------------------------------------
2013.0  O        O        O        O        O        O        O        X        O        O        O        O        O      
2001.0  X        X        X        X        O        O        X        O        X        X        X        X        X      
1000.0  X        X        X        X        X        X                                                                     
 975.0  X        X        X        X        X        X                                                                     
 950.0  X        X        X        X        X        X                                                                     
 925.0  X        X        X        X        X        X                                                                     
 900.0  X        X        X        X        X        X                                                                     
 875.0  X        X        X        X        X        X                                                                     
 850.0  X        X        X        X        X        X                                                                     
 825.0  X        X        X        X        X        X                                                                     
 800.0  X        X        X        X        X        X                                                                     
 750.0  X        X        X        X        X        X                                                                     
 700.0  X        X        X        X        X        X                                                                     
 600.0  X        X        X        X        X        X                                                                     
 500.0  X        X        X        X        X        X                                                                     
 400.0  X        X        X        X        X        X                                                                     
 300.0  X        X        X        X        X        X                                                                     
 250.0  X        X        X        X        X        X                                                                     
 200.0  X        X        X        X        X        X                                                                     
 150.0  X        X        X        X        X        X                                                                     
 100.0  X        X        X        X        X        X                                                                     
  70.0  X        X        X        X        X        X                                                                     
  50.0  X        X        X        X        X        X                                                                     
  30.0  X        X        X        X        X        X                                                                     
  20.0  X        X        X        X        X        X                                                                     
  10.0  X        X        X        X        X        X                                                                     
   7.0  X        X        X        X        X        X                                                                     
   5.0  X        X        X        X        X        X                                                                     
   3.0  X        X        X        X        X        X                                                                     
   2.0  X        X        X        X        X        X                                                                     
   1.0  X        X        X        X        X        X                                                                     
-------------------------------------------------------------------------------

###############################################################################

Inventory for date = 2020-10-03 12:00:00

PRES   TT        UU        VV        RH        GEOPT     HGT       PSFC      PMSL      LANDSEA   SOILHGT   SKINTEMP  SNOWH     SNOW     
-------------------------------------------------------------------------------
2013.0  O        O        O        O        O        O        O        X        O        O        O        O        O      
2001.0  X        X        X        X        O        O        X        O        X        X        X        X        X      
1000.0  X        X        X        X        X        X                                                                     
 975.0  X        X        X        X        X        X                                                                     
 950.0  X        X        X        X        X        X                                                                     
 925.0  X        X        X        X        X        X                                                                     
 900.0  X        X        X        X        X        X                                                                     
 875.0  X        X        X        X        X        X                                                                     
 850.0  X        X        X        X        X        X                                                                     
 825.0  X        X        X        X        X        X                                                                     
 800.0  X        X        X        X        X        X                                                                     
 750.0  X        X        X        X        X        X                                                                     
 700.0  X        X        X        X        X        X                                                                     
 600.0  X        X        X        X        X        X                                                                     
 500.0  X        X        X        X        X        X                                                                     
 400.0  X        X        X        X        X        X                                                                     
 300.0  X        X        X        X        X        X                                                                     
 250.0  X        X        X        X        X        X                                                                     
 200.0  X        X        X        X        X        X                                                                     
 150.0  X        X        X        X        X        X                                                                     
 100.0  X        X        X        X        X        X                                                                     
  70.0  X        X        X        X        X        X                                                                     
  50.0  X        X        X        X        X        X                                                                     
  30.0  X        X        X        X        X        X                                                                     
  20.0  X        X        X        X        X        X                                                                     
  10.0  X        X        X        X        X        X                                                                     
   7.0  X        X        X        X        X        X                                                                     
   5.0  X        X        X        X        X        X                                                                     
   3.0  X        X        X        X        X        X                                                                     
   2.0  X        X        X        X        X        X                                                                     
   1.0  X        X        X        X        X        X                                                                     
-------------------------------------------------------------------------------

###############################################################################

Inventory for date = 2020-10-03 15:00:00

PRES   TT        UU        VV        RH        GEOPT     HGT       PSFC      PMSL      LANDSEA   SOILHGT   SKINTEMP  SNOWH     SNOW     
-------------------------------------------------------------------------------
2013.0  O        O        O        O        O        O        O        X        O        O        O        O        O      
2001.0  X        X        X        X        O        O        X        O        X        X        X        X        X      
1000.0  X        X        X        X        X        X                                                                     
 975.0  X        X        X        X        X        X                                                                     
 950.0  X        X        X        X        X        X                                                                     
 925.0  X        X        X        X        X        X                                                                     
 900.0  X        X        X        X        X        X                                                                     
 875.0  X        X        X        X        X        X                                                                     
 850.0  X        X        X        X        X        X                                                                     
 825.0  X        X        X        X        X        X                                                                     
 800.0  X        X        X        X        X        X                                                                     
 750.0  X        X        X        X        X        X                                                                     
 700.0  X        X        X        X        X        X                                                                     
 600.0  X        X        X        X        X        X                                                                     
 500.0  X        X        X        X        X        X                                                                     
 400.0  X        X        X        X        X        X                                                                     
 300.0  X        X        X        X        X        X                                                                     
 250.0  X        X        X        X        X        X                                                                     
 200.0  X        X        X        X        X        X                                                                     
 150.0  X        X        X        X        X        X                                                                     
 100.0  X        X        X        X        X        X                                                                     
  70.0  X        X        X        X        X        X                                                                     
  50.0  X        X        X        X        X        X                                                                     
  30.0  X        X        X        X        X        X                                                                     
  20.0  X        X        X        X        X        X                                                                     
  10.0  X        X        X        X        X        X                                                                     
   7.0  X        X        X        X        X        X                                                                     
   5.0  X        X        X        X        X        X                                                                     
   3.0  X        X        X        X        X        X                                                                     
   2.0  X        X        X        X        X        X                                                                     
   1.0  X        X        X        X        X        X                                                                     
-------------------------------------------------------------------------------

###############################################################################

Inventory for date = 2020-10-03 18:00:00

PRES   TT        UU        VV        RH        GEOPT     HGT       PSFC      PMSL      LANDSEA   SOILHGT   SKINTEMP  SNOWH     SNOW     
-------------------------------------------------------------------------------
2013.0  O        O        O        O        O        O        O        X        O        O        O        O        O      
2001.0  X        X        X        X        O        O        X        O        X        X        X        X        X      
1000.0  X        X        X        X        X        X                                                                     
 975.0  X        X        X        X        X        X                                                                     
 950.0  X        X        X        X        X        X                                                                     
 925.0  X        X        X        X        X        X                                                                     
 900.0  X        X        X        X        X        X                                                                     
 875.0  X        X        X        X        X        X                                                                     
 850.0  X        X        X        X        X        X                                                                     
 825.0  X        X        X        X        X        X                                                                     
 800.0  X        X        X        X        X        X                                                                     
 750.0  X        X        X        X        X        X                                                                     
 700.0  X        X        X        X        X        X                                                                     
 600.0  X        X        X        X        X        X                                                                     
 500.0  X        X        X        X        X        X                                                                     
 400.0  X        X        X        X        X        X                                                                     
 300.0  X        X        X        X        X        X                                                                     
 250.0  X        X        X        X        X        X                                                                     
 200.0  X        X        X        X        X        X                                                                     
 150.0  X        X        X        X        X        X                                                                     
 100.0  X        X        X        X        X        X                                                                     
  70.0  X        X        X        X        X        X                                                                     
  50.0  X        X        X        X        X        X                                                                     
  30.0  X        X        X        X        X        X                                                                     
  20.0  X        X        X        X        X        X                                                                     
  10.0  X        X        X        X        X        X                                                                     
   7.0  X        X        X        X        X        X                                                                     
   5.0  X        X        X        X        X        X                                                                     
   3.0  X        X        X        X        X        X                                                                     
   2.0  X        X        X        X        X        X                                                                     
   1.0  X        X        X        X        X        X                                                                     
-------------------------------------------------------------------------------

###############################################################################

Inventory for date = 2020-10-03 21:00:00

PRES   TT        UU        VV        RH        GEOPT     HGT       PSFC      PMSL      LANDSEA   SOILHGT   SKINTEMP  SNOWH     SNOW     
-------------------------------------------------------------------------------
2013.0  O        O        O        O        O        O        O        X        O        O        O        O        O      
2001.0  X        X        X        X        O        O        X        O        X        X        X        X        X      
1000.0  X        X        X        X        X        X                                                                     
 975.0  X        X        X        X        X        X                                                                     
 950.0  X        X        X        X        X        X                                                                     
 925.0  X        X        X        X        X        X                                                                     
 900.0  X        X        X        X        X        X                                                                     
 875.0  X        X        X        X        X        X                                                                     
 850.0  X        X        X        X        X        X                                                                     
 825.0  X        X        X        X        X        X                                                                     
 800.0  X        X        X        X        X        X                                                                     
 750.0  X        X        X        X        X        X                                                                     
 700.0  X        X        X        X        X        X                                                                     
 600.0  X        X        X        X        X        X                                                                     
 500.0  X        X        X        X        X        X                                                                     
 400.0  X        X        X        X        X        X                                                                     
 300.0  X        X        X        X        X        X                                                                     
 250.0  X        X        X        X        X        X                                                                     
 200.0  X        X        X        X        X        X                                                                     
 150.0  X        X        X        X        X        X                                                                     
 100.0  X        X        X        X        X        X                                                                     
  70.0  X        X        X        X        X        X                                                                     
  50.0  X        X        X        X        X        X                                                                     
  30.0  X        X        X        X        X        X                                                                     
  20.0  X        X        X        X        X        X                                                                     
  10.0  X        X        X        X        X        X                                                                     
   7.0  X        X        X        X        X        X                                                                     
   5.0  X        X        X        X        X        X                                                                     
   3.0  X        X        X        X        X        X                                                                     
   2.0  X        X        X        X        X        X                                                                     
   1.0  X        X        X        X        X        X                                                                     
-------------------------------------------------------------------------------

###############################################################################

Inventory for date = 2020-10-04 00:00:00

PRES   TT        UU        VV        RH        GEOPT     HGT       PSFC      PMSL      LANDSEA   SOILHGT   SKINTEMP  SNOWH     SNOW     
-------------------------------------------------------------------------------
2013.0  O        O        O        O        O        O        O        X        O        O        O        O        O      
2001.0  X        X        X        X        O        O        X        O        X        X        X        X        X      
1000.0  X        X        X        X        X        X                                                                     
 975.0  X        X        X        X        X        X                                                                     
 950.0  X        X        X        X        X        X                                                                     
 925.0  X        X        X        X        X        X                                                                     
 900.0  X        X        X        X        X        X                                                                     
 875.0  X        X        X        X        X        X                                                                     
 850.0  X        X        X        X        X        X                                                                     
 825.0  X        X        X        X        X        X                                                                     
 800.0  X        X        X        X        X        X                                                                     
 750.0  X        X        X        X        X        X                                                                     
 700.0  X        X        X        X        X        X                                                                     
 600.0  X        X        X        X        X        X                                                                     
 500.0  X        X        X        X        X        X                                                                     
 400.0  X        X        X        X        X        X                                                                     
 300.0  X        X        X        X        X        X                                                                     
 250.0  X        X        X        X        X        X                                                                     
 200.0  X        X        X        X        X        X                                                                     
 150.0  X        X        X        X        X        X                                                                     
 100.0  X        X        X        X        X        X                                                                     
  70.0  X        X        X        X        X        X                                                                     
  50.0  X        X        X        X        X        X                                                                     
  30.0  X        X        X        X        X        X                                                                     
  20.0  X        X        X        X        X        X                                                                     
  10.0  X        X        X        X        X        X                                                                     
   7.0  X        X        X        X        X        X                                                                     
   5.0  X        X        X        X        X        X                                                                     
   3.0  X        X        X        X        X        X                                                                     
   2.0  X        X        X        X        X        X                                                                     
   1.0  X        X        X        X        X        X                                                                     
-------------------------------------------------------------------------------

###############################################################################

Inventory for date = 2020-10-04 03:00:00

PRES   TT        UU        VV        RH        GEOPT     HGT       PSFC      PMSL      LANDSEA   SOILHGT   SKINTEMP  SNOWH     SNOW     
-------------------------------------------------------------------------------
2013.0  O        O        O        O        O        O        O        X        O        O        O        O        O      
2001.0  X        X        X        X        O        O        X        O        X        X        X        X        X      
1000.0  X        X        X        X        X        X                                                                     
 975.0  X        X        X        X        X        X                                                                     
 950.0  X        X        X        X        X        X                                                                     
 925.0  X        X        X        X        X        X                                                                     
 900.0  X        X        X        X        X        X                                                                     
 875.0  X        X        X        X        X        X                                                                     
 850.0  X        X        X        X        X        X                                                                     
 825.0  X        X        X        X        X        X                                                                     
 800.0  X        X        X        X        X        X                                                                     
 750.0  X        X        X        X        X        X                                                                     
 700.0  X        X        X        X        X        X                                                                     
 600.0  X        X        X        X        X        X                                                                     
 500.0  X        X        X        X        X        X                                                                     
 400.0  X        X        X        X        X        X                                                                     
 300.0  X        X        X        X        X        X                                                                     
 250.0  X        X        X        X        X        X                                                                     
 200.0  X        X        X        X        X        X                                                                     
 150.0  X        X        X        X        X        X                                                                     
 100.0  X        X        X        X        X        X                                                                     
  70.0  X        X        X        X        X        X                                                                     
  50.0  X        X        X        X        X        X                                                                     
  30.0  X        X        X        X        X        X                                                                     
  20.0  X        X        X        X        X        X                                                                     
  10.0  X        X        X        X        X        X                                                                     
   7.0  X        X        X        X        X        X                                                                     
   5.0  X        X        X        X        X        X                                                                     
   3.0  X        X        X        X        X        X                                                                     
   2.0  X        X        X        X        X        X                                                                     
   1.0  X        X        X        X        X        X                                                                     
-------------------------------------------------------------------------------

###############################################################################

Inventory for date = 2020-10-04 06:00:00

PRES   TT        UU        VV        RH        GEOPT     HGT       PSFC      PMSL      LANDSEA   SOILHGT   SKINTEMP  SNOWH     SNOW     
-------------------------------------------------------------------------------
2013.0  O        O        O        O        O        O        O        X        O        O        O        O        O      
2001.0  X        X        X        X        O        O        X        O        X        X        X        X        X      
1000.0  X        X        X        X        X        X                                                                     
 975.0  X        X        X        X        X        X                                                                     
 950.0  X        X        X        X        X        X                                                                     
 925.0  X        X        X        X        X        X                                                                     
 900.0  X        X        X        X        X        X                                                                     
 875.0  X        X        X        X        X        X                                                                     
 850.0  X        X        X        X        X        X                                                                     
 825.0  X        X        X        X        X        X                                                                     
 800.0  X        X        X        X        X        X                                                                     
 750.0  X        X        X        X        X        X                                                                     
 700.0  X        X        X        X        X        X                                                                     
 600.0  X        X        X        X        X        X                                                                     
 500.0  X        X        X        X        X        X                                                                     
 400.0  X        X        X        X        X        X                                                                     
 300.0  X        X        X        X        X        X                                                                     
 250.0  X        X        X        X        X        X                                                                     
 200.0  X        X        X        X        X        X                                                                     
 150.0  X        X        X        X        X        X                                                                     
 100.0  X        X        X        X        X        X                                                                     
  70.0  X        X        X        X        X        X                                                                     
  50.0  X        X        X        X        X        X                                                                     
  30.0  X        X        X        X        X        X                                                                     
  20.0  X        X        X        X        X        X                                                                     
  10.0  X        X        X        X        X        X                                                                     
   7.0  X        X        X        X        X        X                                                                     
   5.0  X        X        X        X        X        X                                                                     
   3.0  X        X        X        X        X        X                                                                     
   2.0  X        X        X        X        X        X                                                                     
   1.0  X        X        X        X        X        X                                                                     
-------------------------------------------------------------------------------

###############################################################################

Inventory for date = 2020-10-04 09:00:00

PRES   TT        UU        VV        RH        GEOPT     HGT       PSFC      PMSL      LANDSEA   SOILHGT   SKINTEMP  SNOWH     SNOW     
-------------------------------------------------------------------------------
2013.0  O        O        O        O        O        O        O        X        O        O        O        O        O      
2001.0  X        X        X        X        O        O        X        O        X        X        X        X        X      
1000.0  X        X        X        X        X        X                                                                     
 975.0  X        X        X        X        X        X                                                                     
 950.0  X        X        X        X        X        X                                                                     
 925.0  X        X        X        X        X        X                                                                     
 900.0  X        X        X        X        X        X                                                                     
 875.0  X        X        X        X        X        X                                                                     
 850.0  X        X        X        X        X        X                                                                     
 825.0  X        X        X        X        X        X                                                                     
 800.0  X        X        X        X        X        X                                                                     
 750.0  X        X        X        X        X        X                                                                     
 700.0  X        X        X        X        X        X                                                                     
 600.0  X        X        X        X        X        X                                                                     
 500.0  X        X        X        X        X        X                                                                     
 400.0  X        X        X        X        X        X                                                                     
 300.0  X        X        X        X        X        X                                                                     
 250.0  X        X        X        X        X        X                                                                     
 200.0  X        X        X        X        X        X                                                                     
 150.0  X        X        X        X        X        X                                                                     
 100.0  X        X        X        X        X        X                                                                     
  70.0  X        X        X        X        X        X                                                                     
  50.0  X        X        X        X        X        X                                                                     
  30.0  X        X        X        X        X        X                                                                     
  20.0  X        X        X        X        X        X                                                                     
  10.0  X        X        X        X        X        X                                                                     
   7.0  X        X        X        X        X        X                                                                     
   5.0  X        X        X        X        X        X                                                                     
   3.0  X        X        X        X        X        X                                                                     
   2.0  X        X        X        X        X        X                                                                     
   1.0  X        X        X        X        X        X                                                                     
-------------------------------------------------------------------------------

###############################################################################

Inventory for date = 2020-10-04 12:00:00

PRES   TT        UU        VV        RH        GEOPT     HGT       PSFC      PMSL      LANDSEA   SOILHGT   SKINTEMP  SNOWH     SNOW     
-------------------------------------------------------------------------------
2013.0  O        O        O        O        O        O        O        X        O        O        O        O        O      
2001.0  X        X        X        X        O        O        X        O        X        X        X        X        X      
1000.0  X        X        X        X        X        X                                                                     
 975.0  X        X        X        X        X        X                                                                     
 950.0  X        X        X        X        X        X                                                                     
 925.0  X        X        X        X        X        X                                                                     
 900.0  X        X        X        X        X        X                                                                     
 875.0  X        X        X        X        X        X                                                                     
 850.0  X        X        X        X        X        X                                                                     
 825.0  X        X        X        X        X        X                                                                     
 800.0  X        X        X        X        X        X                                                                     
 750.0  X        X        X        X        X        X                                                                     
 700.0  X        X        X        X        X        X                                                                     
 600.0  X        X        X        X        X        X                                                                     
 500.0  X        X        X        X        X        X                                                                     
 400.0  X        X        X        X        X        X                                                                     
 300.0  X        X        X        X        X        X                                                                     
 250.0  X        X        X        X        X        X                                                                     
 200.0  X        X        X        X        X        X                                                                     
 150.0  X        X        X        X        X        X                                                                     
 100.0  X        X        X        X        X        X                                                                     
  70.0  X        X        X        X        X        X                                                                     
  50.0  X        X        X        X        X        X                                                                     
  30.0  X        X        X        X        X        X                                                                     
  20.0  X        X        X        X        X        X                                                                     
  10.0  X        X        X        X        X        X                                                                     
   7.0  X        X        X        X        X        X                                                                     
   5.0  X        X        X        X        X        X                                                                     
   3.0  X        X        X        X        X        X                                                                     
   2.0  X        X        X        X        X        X                                                                     
   1.0  X        X        X        X        X        X                                                                     
-------------------------------------------------------------------------------

###############################################################################

Inventory for date = 2020-10-04 15:00:00

PRES   TT        UU        VV        RH        GEOPT     HGT       PSFC      PMSL      LANDSEA   SOILHGT   SKINTEMP  SNOWH     SNOW     
-------------------------------------------------------------------------------
2013.0  O        O        O        O        O        O        O        X        O        O        O        O        O      
2001.0  X        X        X        X        O        O        X        O        X        X        X        X        X      
1000.0  X        X        X        X        X        X                                                                     
 975.0  X        X        X        X        X        X                                                                     
 950.0  X        X        X        X        X        X                                                                     
 925.0  X        X        X        X        X        X                                                                     
 900.0  X        X        X        X        X        X                                                                     
 875.0  X        X        X        X        X        X                                                                     
 850.0  X        X        X        X        X        X                                                                     
 825.0  X        X        X        X        X        X                                                                     
 800.0  X        X        X        X        X        X                                                                     
 750.0  X        X        X        X        X        X                                                                     
 700.0  X        X        X        X        X        X                                                                     
 600.0  X        X        X        X        X        X                                                                     
 500.0  X        X        X        X        X        X                                                                     
 400.0  X        X        X        X        X        X                                                                     
 300.0  X        X        X        X        X        X                                                                     
 250.0  X        X        X        X        X        X                                                                     
 200.0  X        X        X        X        X        X                                                                     
 150.0  X        X        X        X        X        X                                                                     
 100.0  X        X        X        X        X        X                                                                     
  70.0  X        X        X        X        X        X                                                                     
  50.0  X        X        X        X        X        X                                                                     
  30.0  X        X        X        X        X        X                                                                     
  20.0  X        X        X        X        X        X                                                                     
  10.0  X        X        X        X        X        X                                                                     
   7.0  X        X        X        X        X        X                                                                     
   5.0  X        X        X        X        X        X                                                                     
   3.0  X        X        X        X        X        X                                                                     
   2.0  X        X        X        X        X        X                                                                     
   1.0  X        X        X        X        X        X                                                                     
-------------------------------------------------------------------------------

###############################################################################

Inventory for date = 2020-10-04 18:00:00

PRES   TT        UU        VV        RH        GEOPT     HGT       PSFC      PMSL      LANDSEA   SOILHGT   SKINTEMP  SNOWH     SNOW     
-------------------------------------------------------------------------------
2013.0  O        O        O        O        O        O        O        X        O        O        O        O        O      
2001.0  X        X        X        X        O        O        X        O        X        X        X        X        X      
1000.0  X        X        X        X        X        X                                                                     
 975.0  X        X        X        X        X        X                                                                     
 950.0  X        X        X        X        X        X                                                                     
 925.0  X        X        X        X        X        X                                                                     
 900.0  X        X        X        X        X        X                                                                     
 875.0  X        X        X        X        X        X                                                                     
 850.0  X        X        X        X        X        X                                                                     
 825.0  X        X        X        X        X        X                                                                     
 800.0  X        X        X        X        X        X                                                                     
 750.0  X        X        X        X        X        X                                                                     
 700.0  X        X        X        X        X        X                                                                     
 600.0  X        X        X        X        X        X                                                                     
 500.0  X        X        X        X        X        X                                                                     
 400.0  X        X        X        X        X        X                                                                     
 300.0  X        X        X        X        X        X                                                                     
 250.0  X        X        X        X        X        X                                                                     
 200.0  X        X        X        X        X        X                                                                     
 150.0  X        X        X        X        X        X                                                                     
 100.0  X        X        X        X        X        X                                                                     
  70.0  X        X        X        X        X        X                                                                     
  50.0  X        X        X        X        X        X                                                                     
  30.0  X        X        X        X        X        X                                                                     
  20.0  X        X        X        X        X        X                                                                     
  10.0  X        X        X        X        X        X                                                                     
   7.0  X        X        X        X        X        X                                                                     
   5.0  X        X        X        X        X        X                                                                     
   3.0  X        X        X        X        X        X                                                                     
   2.0  X        X        X        X        X        X                                                                     
   1.0  X        X        X        X        X        X                                                                     
-------------------------------------------------------------------------------

###############################################################################

Inventory for date = 2020-10-04 21:00:00

PRES   TT        UU        VV        RH        GEOPT     HGT       PSFC      PMSL      LANDSEA   SOILHGT   SKINTEMP  SNOWH     SNOW     
-------------------------------------------------------------------------------
2013.0  O        O        O        O        O        O        O        X        O        O        O        O        O      
2001.0  X        X        X        X        O        O        X        O        X        X        X        X        X      
1000.0  X        X        X        X        X        X                                                                     
 975.0  X        X        X        X        X        X                                                                     
 950.0  X        X        X        X        X        X                                                                     
 925.0  X        X        X        X        X        X                                                                     
 900.0  X        X        X        X        X        X                                                                     
 875.0  X        X        X        X        X        X                                                                     
 850.0  X        X        X        X        X        X                                                                     
 825.0  X        X        X        X        X        X                                                                     
 800.0  X        X        X        X        X        X                                                                     
 750.0  X        X        X        X        X        X                                                                     
 700.0  X        X        X        X        X        X                                                                     
 600.0  X        X        X        X        X        X                                                                     
 500.0  X        X        X        X        X        X                                                                     
 400.0  X        X        X        X        X        X                                                                     
 300.0  X        X        X        X        X        X                                                                     
 250.0  X        X        X        X        X        X                                                                     
 200.0  X        X        X        X        X        X                                                                     
 150.0  X        X        X        X        X        X                                                                     
 100.0  X        X        X        X        X        X                                                                     
  70.0  X        X        X        X        X        X                                                                     
  50.0  X        X        X        X        X        X                                                                     
  30.0  X        X        X        X        X        X                                                                     
  20.0  X        X        X        X        X        X                                                                     
  10.0  X        X        X        X        X        X                                                                     
   7.0  X        X        X        X        X        X                                                                     
   5.0  X        X        X        X        X        X                                                                     
   3.0  X        X        X        X        X        X                                                                     
   2.0  X        X        X        X        X        X                                                                     
   1.0  X        X        X        X        X        X                                                                     
-------------------------------------------------------------------------------

###############################################################################

Inventory for date = 2020-10-05 00:00:00

PRES   TT        UU        VV        RH        GEOPT     HGT       PSFC      PMSL      LANDSEA   SOILHGT   SKINTEMP  SNOWH     SNOW     
-------------------------------------------------------------------------------
2013.0  O        O        O        O        O        O        O        X        O        O        O        O        O      
2001.0  X        X        X        X        O        O        X        O        X        X        X        X        X      
1000.0  X        X        X        X        X        X                                                                     
 975.0  X        X        X        X        X        X                                                                     
 950.0  X        X        X        X        X        X                                                                     
 925.0  X        X        X        X        X        X                                                                     
 900.0  X        X        X        X        X        X                                                                     
 875.0  X        X        X        X        X        X                                                                     
 850.0  X        X        X        X        X        X                                                                     
 825.0  X        X        X        X        X        X                                                                     
 800.0  X        X        X        X        X        X                                                                     
 750.0  X        X        X        X        X        X                                                                     
 700.0  X        X        X        X        X        X                                                                     
 600.0  X        X        X        X        X        X                                                                     
 500.0  X        X        X        X        X        X                                                                     
 400.0  X        X        X        X        X        X                                                                     
 300.0  X        X        X        X        X        X                                                                     
 250.0  X        X        X        X        X        X                                                                     
 200.0  X        X        X        X        X        X                                                                     
 150.0  X        X        X        X        X        X                                                                     
 100.0  X        X        X        X        X        X                                                                     
  70.0  X        X        X        X        X        X                                                                     
  50.0  X        X        X        X        X        X                                                                     
  30.0  X        X        X        X        X        X                                                                     
  20.0  X        X        X        X        X        X                                                                     
  10.0  X        X        X        X        X        X                                                                     
   7.0  X        X        X        X        X        X                                                                     
   5.0  X        X        X        X        X        X                                                                     
   3.0  X        X        X        X        X        X                                                                     
   2.0  X        X        X        X        X        X                                                                     
   1.0  X        X        X        X        X        X                                                                     
-------------------------------------------------------------------------------

###############################################################################

Inventory for date = 2020-10-05 03:00:00

PRES   TT        UU        VV        RH        GEOPT     HGT       PSFC      PMSL      LANDSEA   SOILHGT   SKINTEMP  SNOWH     SNOW     
-------------------------------------------------------------------------------
2013.0  O        O        O        O        O        O        O        X        O        O        O        O        O      
2001.0  X        X        X        X        O        O        X        O        X        X        X        X        X      
1000.0  X        X        X        X        X        X                                                                     
 975.0  X        X        X        X        X        X                                                                     
 950.0  X        X        X        X        X        X                                                                     
 925.0  X        X        X        X        X        X                                                                     
 900.0  X        X        X        X        X        X                                                                     
 875.0  X        X        X        X        X        X                                                                     
 850.0  X        X        X        X        X        X                                                                     
 825.0  X        X        X        X        X        X                                                                     
 800.0  X        X        X        X        X        X                                                                     
 750.0  X        X        X        X        X        X                                                                     
 700.0  X        X        X        X        X        X                                                                     
 600.0  X        X        X        X        X        X                                                                     
 500.0  X        X        X        X        X        X                                                                     
 400.0  X        X        X        X        X        X                                                                     
 300.0  X        X        X        X        X        X                                                                     
 250.0  X        X        X        X        X        X                                                                     
 200.0  X        X        X        X        X        X                                                                     
 150.0  X        X        X        X        X        X                                                                     
 100.0  X        X        X        X        X        X                                                                     
  70.0  X        X        X        X        X        X                                                                     
  50.0  X        X        X        X        X        X                                                                     
  30.0  X        X        X        X        X        X                                                                     
  20.0  X        X        X        X        X        X                                                                     
  10.0  X        X        X        X        X        X                                                                     
   7.0  X        X        X        X        X        X                                                                     
   5.0  X        X        X        X        X        X                                                                     
   3.0  X        X        X        X        X        X                                                                     
   2.0  X        X        X        X        X        X                                                                     
   1.0  X        X        X        X        X        X                                                                     
-------------------------------------------------------------------------------

###############################################################################

Inventory for date = 2020-10-05 06:00:00

PRES   TT        UU        VV        RH        GEOPT     HGT       PSFC      PMSL      LANDSEA   SOILHGT   SKINTEMP  SNOWH     SNOW     
-------------------------------------------------------------------------------
2013.0  O        O        O        O        O        O        O        X        O        O        O        O        O      
2001.0  X        X        X        X        O        O        X        O        X        X        X        X        X      
1000.0  X        X        X        X        X        X                                                                     
 975.0  X        X        X        X        X        X                                                                     
 950.0  X        X        X        X        X        X                                                                     
 925.0  X        X        X        X        X        X                                                                     
 900.0  X        X        X        X        X        X                                                                     
 875.0  X        X        X        X        X        X                                                                     
 850.0  X        X        X        X        X        X                                                                     
 825.0  X        X        X        X        X        X                                                                     
 800.0  X        X        X        X        X        X                                                                     
 750.0  X        X        X        X        X        X                                                                     
 700.0  X        X        X        X        X        X                                                                     
 600.0  X        X        X        X        X        X                                                                     
 500.0  X        X        X        X        X        X                                                                     
 400.0  X        X        X        X        X        X                                                                     
 300.0  X        X        X        X        X        X                                                                     
 250.0  X        X        X        X        X        X                                                                     
 200.0  X        X        X        X        X        X                                                                     
 150.0  X        X        X        X        X        X                                                                     
 100.0  X        X        X        X        X        X                                                                     
  70.0  X        X        X        X        X        X                                                                     
  50.0  X        X        X        X        X        X                                                                     
  30.0  X        X        X        X        X        X                                                                     
  20.0  X        X        X        X        X        X                                                                     
  10.0  X        X        X        X        X        X                                                                     
   7.0  X        X        X        X        X        X                                                                     
   5.0  X        X        X        X        X        X                                                                     
   3.0  X        X        X        X        X        X                                                                     
   2.0  X        X        X        X        X        X                                                                     
   1.0  X        X        X        X        X        X                                                                     
-------------------------------------------------------------------------------

###############################################################################

Inventory for date = 2020-10-05 09:00:00

PRES   TT        UU        VV        RH        GEOPT     HGT       PSFC      PMSL      LANDSEA   SOILHGT   SKINTEMP  SNOWH     SNOW     
-------------------------------------------------------------------------------
2013.0  O        O        O        O        O        O        O        X        O        O        O        O        O      
2001.0  X        X        X        X        O        O        X        O        X        X        X        X        X      
1000.0  X        X        X        X        X        X                                                                     
 975.0  X        X        X        X        X        X                                                                     
 950.0  X        X        X        X        X        X                                                                     
 925.0  X        X        X        X        X        X                                                                     
 900.0  X        X        X        X        X        X                                                                     
 875.0  X        X        X        X        X        X                                                                     
 850.0  X        X        X        X        X        X                                                                     
 825.0  X        X        X        X        X        X                                                                     
 800.0  X        X        X        X        X        X                                                                     
 750.0  X        X        X        X        X        X                                                                     
 700.0  X        X        X        X        X        X                                                                     
 600.0  X        X        X        X        X        X                                                                     
 500.0  X        X        X        X        X        X                                                                     
 400.0  X        X        X        X        X        X                                                                     
 300.0  X        X        X        X        X        X                                                                     
 250.0  X        X        X        X        X        X                                                                     
 200.0  X        X        X        X        X        X                                                                     
 150.0  X        X        X        X        X        X                                                                     
 100.0  X        X        X        X        X        X                                                                     
  70.0  X        X        X        X        X        X                                                                     
  50.0  X        X        X        X        X        X                                                                     
  30.0  X        X        X        X        X        X                                                                     
  20.0  X        X        X        X        X        X                                                                     
  10.0  X        X        X        X        X        X                                                                     
   7.0  X        X        X        X        X        X                                                                     
   5.0  X        X        X        X        X        X                                                                     
   3.0  X        X        X        X        X        X                                                                     
   2.0  X        X        X        X        X        X                                                                     
   1.0  X        X        X        X        X        X                                                                     
-------------------------------------------------------------------------------

###############################################################################

Inventory for date = 2020-10-05 12:00:00

PRES   TT        UU        VV        RH        GEOPT     HGT       PSFC      PMSL      LANDSEA   SOILHGT   SKINTEMP  SNOWH     SNOW     
-------------------------------------------------------------------------------
2013.0  O        O        O        O        O        O        O        X        O        O        O        O        O      
2001.0  X        X        X        X        O        O        X        O        X        X        X        X        X      
1000.0  X        X        X        X        X        X                                                                     
 975.0  X        X        X        X        X        X                                                                     
 950.0  X        X        X        X        X        X                                                                     
 925.0  X        X        X        X        X        X                                                                     
 900.0  X        X        X        X        X        X                                                                     
 875.0  X        X        X        X        X        X                                                                     
 850.0  X        X        X        X        X        X                                                                     
 825.0  X        X        X        X        X        X                                                                     
 800.0  X        X        X        X        X        X                                                                     
 750.0  X        X        X        X        X        X                                                                     
 700.0  X        X        X        X        X        X                                                                     
 600.0  X        X        X        X        X        X                                                                     
 500.0  X        X        X        X        X        X                                                                     
 400.0  X        X        X        X        X        X                                                                     
 300.0  X        X        X        X        X        X                                                                     
 250.0  X        X        X        X        X        X                                                                     
 200.0  X        X        X        X        X        X                                                                     
 150.0  X        X        X        X        X        X                                                                     
 100.0  X        X        X        X        X        X                                                                     
  70.0  X        X        X        X        X        X                                                                     
  50.0  X        X        X        X        X        X                                                                     
  30.0  X        X        X        X        X        X                                                                     
  20.0  X        X        X        X        X        X                                                                     
  10.0  X        X        X        X        X        X                                                                     
   7.0  X        X        X        X        X        X                                                                     
   5.0  X        X        X        X        X        X                                                                     
   3.0  X        X        X        X        X        X                                                                     
   2.0  X        X        X        X        X        X                                                                     
   1.0  X        X        X        X        X        X                                                                     
-------------------------------------------------------------------------------

###############################################################################

Inventory for date = 2020-10-05 15:00:00

PRES   TT        UU        VV        RH        GEOPT     HGT       PSFC      PMSL      LANDSEA   SOILHGT   SKINTEMP  SNOWH     SNOW     
-------------------------------------------------------------------------------
2013.0  O        O        O        O        O        O        O        X        O        O        O        O        O      
2001.0  X        X        X        X        O        O        X        O        X        X        X        X        X      
1000.0  X        X        X        X        X        X                                                                     
 975.0  X        X        X        X        X        X                                                                     
 950.0  X        X        X        X        X        X                                                                     
 925.0  X        X        X        X        X        X                                                                     
 900.0  X        X        X        X        X        X                                                                     
 875.0  X        X        X        X        X        X                                                                     
 850.0  X        X        X        X        X        X                                                                     
 825.0  X        X        X        X        X        X                                                                     
 800.0  X        X        X        X        X        X                                                                     
 750.0  X        X        X        X        X        X                                                                     
 700.0  X        X        X        X        X        X                                                                     
 600.0  X        X        X        X        X        X                                                                     
 500.0  X        X        X        X        X        X                                                                     
 400.0  X        X        X        X        X        X                                                                     
 300.0  X        X        X        X        X        X                                                                     
 250.0  X        X        X        X        X        X                                                                     
 200.0  X        X        X        X        X        X                                                                     
 150.0  X        X        X        X        X        X                                                                     
 100.0  X        X        X        X        X        X                                                                     
  70.0  X        X        X        X        X        X                                                                     
  50.0  X        X        X        X        X        X                                                                     
  30.0  X        X        X        X        X        X                                                                     
  20.0  X        X        X        X        X        X                                                                     
  10.0  X        X        X        X        X        X                                                                     
   7.0  X        X        X        X        X        X                                                                     
   5.0  X        X        X        X        X        X                                                                     
   3.0  X        X        X        X        X        X                                                                     
   2.0  X        X        X        X        X        X                                                                     
   1.0  X        X        X        X        X        X                                                                     
-------------------------------------------------------------------------------

###############################################################################

Inventory for date = 2020-10-05 18:00:00

PRES   TT        UU        VV        RH        GEOPT     HGT       PSFC      PMSL      LANDSEA   SOILHGT   SKINTEMP  SNOWH     SNOW     
-------------------------------------------------------------------------------
2013.0  O        O        O        O        O        O        O        X        O        O        O        O        O      
2001.0  X        X        X        X        O        O        X        O        X        X        X        X        X      
1000.0  X        X        X        X        X        X                                                                     
 975.0  X        X        X        X        X        X                                                                     
 950.0  X        X        X        X        X        X                                                                     
 925.0  X        X        X        X        X        X                                                                     
 900.0  X        X        X        X        X        X                                                                     
 875.0  X        X        X        X        X        X                                                                     
 850.0  X        X        X        X        X        X                                                                     
 825.0  X        X        X        X        X        X                                                                     
 800.0  X        X        X        X        X        X                                                                     
 750.0  X        X        X        X        X        X                                                                     
 700.0  X        X        X        X        X        X                                                                     
 600.0  X        X        X        X        X        X                                                                     
 500.0  X        X        X        X        X        X                                                                     
 400.0  X        X        X        X        X        X                                                                     
 300.0  X        X        X        X        X        X                                                                     
 250.0  X        X        X        X        X        X                                                                     
 200.0  X        X        X        X        X        X                                                                     
 150.0  X        X        X        X        X        X                                                                     
 100.0  X        X        X        X        X        X                                                                     
  70.0  X        X        X        X        X        X                                                                     
  50.0  X        X        X        X        X        X                                                                     
  30.0  X        X        X        X        X        X                                                                     
  20.0  X        X        X        X        X        X                                                                     
  10.0  X        X        X        X        X        X                                                                     
   7.0  X        X        X        X        X        X                                                                     
   5.0  X        X        X        X        X        X                                                                     
   3.0  X        X        X        X        X        X                                                                     
   2.0  X        X        X        X        X        X                                                                     
   1.0  X        X        X        X        X        X                                                                     
-------------------------------------------------------------------------------

###############################################################################

Inventory for date = 2020-10-05 21:00:00

PRES   TT        UU        VV        RH        GEOPT     HGT       PSFC      PMSL      LANDSEA   SOILHGT   SKINTEMP  SNOWH     SNOW     
-------------------------------------------------------------------------------
2013.0  O        O        O        O        O        O        O        X        O        O        O        O        O      
2001.0  X        X        X        X        O        O        X        O        X        X        X        X        X      
1000.0  X        X        X        X        X        X                                                                     
 975.0  X        X        X        X        X        X                                                                     
 950.0  X        X        X        X        X        X                                                                     
 925.0  X        X        X        X        X        X                                                                     
 900.0  X        X        X        X        X        X                                                                     
 875.0  X        X        X        X        X        X                                                                     
 850.0  X        X        X        X        X        X                                                                     
 825.0  X        X        X        X        X        X                                                                     
 800.0  X        X        X        X        X        X                                                                     
 750.0  X        X        X        X        X        X                                                                     
 700.0  X        X        X        X        X        X                                                                     
 600.0  X        X        X        X        X        X                                                                     
 500.0  X        X        X        X        X        X                                                                     
 400.0  X        X        X        X        X        X                                                                     
 300.0  X        X        X        X        X        X                                                                     
 250.0  X        X        X        X        X        X                                                                     
 200.0  X        X        X        X        X        X                                                                     
 150.0  X        X        X        X        X        X                                                                     
 100.0  X        X        X        X        X        X                                                                     
  70.0  X        X        X        X        X        X                                                                     
  50.0  X        X        X        X        X        X                                                                     
  30.0  X        X        X        X        X        X                                                                     
  20.0  X        X        X        X        X        X                                                                     
  10.0  X        X        X        X        X        X                                                                     
   7.0  X        X        X        X        X        X                                                                     
   5.0  X        X        X        X        X        X                                                                     
   3.0  X        X        X        X        X        X                                                                     
   2.0  X        X        X        X        X        X                                                                     
   1.0  X        X        X        X        X        X                                                                     
-------------------------------------------------------------------------------

###############################################################################

Inventory for date = 2020-10-06 00:00:00

PRES   TT        UU        VV        RH        GEOPT     HGT       PSFC      PMSL      LANDSEA   SOILHGT   SKINTEMP  SNOWH     SNOW     
-------------------------------------------------------------------------------
2013.0  O        O        O        O        O        O        O        X        O        O        O        O        O      
2001.0  X        X        X        X        O        O        X        O        X        X        X        X        X      
1000.0  X        X        X        X        X        X                                                                     
 975.0  X        X        X        X        X        X                                                                     
 950.0  X        X        X        X        X        X                                                                     
 925.0  X        X        X        X        X        X                                                                     
 900.0  X        X        X        X        X        X                                                                     
 875.0  X        X        X        X        X        X                                                                     
 850.0  X        X        X        X        X        X                                                                     
 825.0  X        X        X        X        X        X                                                                     
 800.0  X        X        X        X        X        X                                                                     
 750.0  X        X        X        X        X        X                                                                     
 700.0  X        X        X        X        X        X                                                                     
 600.0  X        X        X        X        X        X                                                                     
 500.0  X        X        X        X        X        X                                                                     
 400.0  X        X        X        X        X        X                                                                     
 300.0  X        X        X        X        X        X                                                                     
 250.0  X        X        X        X        X        X                                                                     
 200.0  X        X        X        X        X        X                                                                     
 150.0  X        X        X        X        X        X                                                                     
 100.0  X        X        X        X        X        X                                                                     
  70.0  X        X        X        X        X        X                                                                     
  50.0  X        X        X        X        X        X                                                                     
  30.0  X        X        X        X        X        X                                                                     
  20.0  X        X        X        X        X        X                                                                     
  10.0  X        X        X        X        X        X                                                                     
   7.0  X        X        X        X        X        X                                                                     
   5.0  X        X        X        X        X        X                                                                     
   3.0  X        X        X        X        X        X                                                                     
   2.0  X        X        X        X        X        X                                                                     
Subroutine DATINT: Interpolating 3-d files to fill in any missing data...
Looking for data at time 2020-09-30_12
Found file:      CERRA:2020-09-30_12
Looking for data at time 2020-09-30_15
Found file:      CERRA:2020-09-30_15
Looking for data at time 2020-09-30_18
Found file:      CERRA:2020-09-30_18
Looking for data at time 2020-09-30_21
Found file:      CERRA:2020-09-30_21
Looking for data at time 2020-10-01_00
Found file:      CERRA:2020-10-01_00
Looking for data at time 2020-10-01_03
Found file:      CERRA:2020-10-01_03
Looking for data at time 2020-10-01_06
Found file:      CERRA:2020-10-01_06
Looking for data at time 2020-10-01_09
Found file:      CERRA:2020-10-01_09
Looking for data at time 2020-10-01_12
Found file:      CERRA:2020-10-01_12
Looking for data at time 2020-10-01_15
Found file:      CERRA:2020-10-01_15
Looking for data at time 2020-10-01_18
Found file:      CERRA:2020-10-01_18
Looking for data at time 2020-10-01_21
Found file:      CERRA:2020-10-01_21
Looking for data at time 2020-10-02_00
Found file:      CERRA:2020-10-02_00
Looking for data at time 2020-10-02_03
Found file:      CERRA:2020-10-02_03
Looking for data at time 2020-10-02_06
Found file:      CERRA:2020-10-02_06
Looking for data at time 2020-10-02_09
Found file:      CERRA:2020-10-02_09
Looking for data at time 2020-10-02_12
Found file:      CERRA:2020-10-02_12
Looking for data at time 2020-10-02_15
Found file:      CERRA:2020-10-02_15
Looking for data at time 2020-10-02_18
Found file:      CERRA:2020-10-02_18
Looking for data at time 2020-10-02_21
Found file:      CERRA:2020-10-02_21
Looking for data at time 2020-10-03_00
Found file:      CERRA:2020-10-03_00
Looking for data at time 2020-10-03_03
Found file:      CERRA:2020-10-03_03
Looking for data at time 2020-10-03_06
Found file:      CERRA:2020-10-03_06
Looking for data at time 2020-10-03_09
Found file:      CERRA:2020-10-03_09
Looking for data at time 2020-10-03_12
Found file:      CERRA:2020-10-03_12
Looking for data at time 2020-10-03_15
Found file:      CERRA:2020-10-03_15
Looking for data at time 2020-10-03_18
Found file:      CERRA:2020-10-03_18
Looking for data at time 2020-10-03_21
Found file:      CERRA:2020-10-03_21
Looking for data at time 2020-10-04_00
Found file:      CERRA:2020-10-04_00
Looking for data at time 2020-10-04_03
Found file:      CERRA:2020-10-04_03
Looking for data at time 2020-10-04_06
Found file:      CERRA:2020-10-04_06
Looking for data at time 2020-10-04_09
Found file:      CERRA:2020-10-04_09
Looking for data at time 2020-10-04_12
Found file:      CERRA:2020-10-04_12
Looking for data at time 2020-10-04_15
Found file:      CERRA:2020-10-04_15
Looking for data at time 2020-10-04_18
Found file:      CERRA:2020-10-04_18
Looking for data at time 2020-10-04_21
Found file:      CERRA:2020-10-04_21
Looking for data at time 2020-10-05_00
Found file:      CERRA:2020-10-05_00
Looking for data at time 2020-10-05_03
Found file:      CERRA:2020-10-05_03
Looking for data at time 2020-10-05_06
Found file:      CERRA:2020-10-05_06
Looking for data at time 2020-10-05_09
Found file:      CERRA:2020-10-05_09
Looking for data at time 2020-10-05_12
Found file:      CERRA:2020-10-05_12
Looking for data at time 2020-10-05_15
Found file:      CERRA:2020-10-05_15
Looking for data at time 2020-10-05_18
Found file:      CERRA:2020-10-05_18
Looking for data at time 2020-10-05_21
Found file:      CERRA:2020-10-05_21
Looking for data at time 2020-10-06_00
Found file:      CERRA:2020-10-06_00
End Subroutine DATINT.
!!!!!!!!!!!!!!!!!!!!!!!!!!!!!!!!!!!!!!!
!  Successful completion of ungrib.   !
!!!!!!!!!!!!!!!!!!!!!!!!!!!!!!!!!!!!!!!
   1.0  X        X        X        X        X        X                                                                     
-------------------------------------------------------------------------------

**********
Deleting temporary files created by ungrib...
**********

Deleting file:  ./PFILE:2020-09-30_12
Deleting file:  ./PFILE:2020-09-30_15
Deleting file:  ./PFILE:2020-09-30_18
Deleting file:  ./PFILE:2020-09-30_21
Deleting file:  ./PFILE:2020-10-01_00
Deleting file:  ./PFILE:2020-10-01_03
Deleting file:  ./PFILE:2020-10-01_06
Deleting file:  ./PFILE:2020-10-01_09
Deleting file:  ./PFILE:2020-10-01_12
Deleting file:  ./PFILE:2020-10-01_15
Deleting file:  ./PFILE:2020-10-01_18
Deleting file:  ./PFILE:2020-10-01_21
Deleting file:  ./PFILE:2020-10-02_00
Deleting file:  ./PFILE:2020-10-02_03
Deleting file:  ./PFILE:2020-10-02_06
Deleting file:  ./PFILE:2020-10-02_09
Deleting file:  ./PFILE:2020-10-02_12
Deleting file:  ./PFILE:2020-10-02_15
Deleting file:  ./PFILE:2020-10-02_18
Deleting file:  ./PFILE:2020-10-02_21
Deleting file:  ./PFILE:2020-10-03_00
Deleting file:  ./PFILE:2020-10-03_03
Deleting file:  ./PFILE:2020-10-03_06
Deleting file:  ./PFILE:2020-10-03_09
Deleting file:  ./PFILE:2020-10-03_12
Deleting file:  ./PFILE:2020-10-03_15
Deleting file:  ./PFILE:2020-10-03_18
Deleting file:  ./PFILE:2020-10-03_21
Deleting file:  ./PFILE:2020-10-04_00
Deleting file:  ./PFILE:2020-10-04_03
Deleting file:  ./PFILE:2020-10-04_06
Deleting file:  ./PFILE:2020-10-04_09
Deleting file:  ./PFILE:2020-10-04_12
Deleting file:  ./PFILE:2020-10-04_15
Deleting file:  ./PFILE:2020-10-04_18
Deleting file:  ./PFILE:2020-10-04_21
Deleting file:  ./PFILE:2020-10-05_00
Deleting file:  ./PFILE:2020-10-05_03
Deleting file:  ./PFILE:2020-10-05_06
Deleting file:  ./PFILE:2020-10-05_09
Deleting file:  ./PFILE:2020-10-05_12
Deleting file:  ./PFILE:2020-10-05_15
Deleting file:  ./PFILE:2020-10-05_18
Deleting file:  ./PFILE:2020-10-05_21
Deleting file:  ./PFILE:2020-10-06_00

**********
Done deleting temporary files.
**********

 *** Starting program ungrib.exe ***
Start_date =  2020-09-30_12:00:00 ,      End_date = 2020-10-06_00:00:00
output format is WPS
Path to intermediate files is ./

###############################################################################

Inventory for date = 2020-10-05 03:00:00

PRES   GEOPT     HGT       TT        UU        VV        RH        DEWPT     LANDSEA   SOILGEO   SOILHGT   PSFC      PMSL      SKINTEMP  SEAICE    SST       SNOW_DEN  SNOW_EC   SNOW      SNOWH     ST000007  ST007028  ST028100  ST100289  SM000007  SM007028  SM028100  SM100289 
-------------------------------------------------------------------------------
2001.0  O        O        O        O        O        O        O        O        O        O        O        O        O        O        O        O        O        O        O        X        X        X        X        X        X        X        X      
-------------------------------------------------------------------------------

###############################################################################

Inventory for date = 2020-10-02 00:00:00

PRES   GEOPT     HGT       TT        UU        VV        RH        DEWPT     LANDSEA   SOILGEO   SOILHGT   PSFC      PMSL      SKINTEMP  SEAICE    SST       SNOW_DEN  SNOW_EC   SNOW      SNOWH     ST000007  ST007028  ST028100  ST100289  SM000007  SM007028  SM028100  SM100289 
-------------------------------------------------------------------------------
2001.0  O        O        O        O        O        O        O        O        O        O        O        O        O        O        O        O        O        O        O        X        X        X        X        X        X        X        X      
-------------------------------------------------------------------------------

###############################################################################

Inventory for date = 2020-10-05 18:00:00

PRES   GEOPT     HGT       TT        UU        VV        RH        DEWPT     LANDSEA   SOILGEO   SOILHGT   PSFC      PMSL      SKINTEMP  SEAICE    SST       SNOW_DEN  SNOW_EC   SNOW      SNOWH     ST000007  ST007028  ST028100  ST100289  SM000007  SM007028  SM028100  SM100289 
-------------------------------------------------------------------------------
2001.0  O        O        O        O        O        O        O        O        O        O        O        O        O        O        O        O        O        O        O        X        X        X        X        X        X        X        X      
-------------------------------------------------------------------------------

###############################################################################

Inventory for date = 2020-10-01 03:00:00

PRES   GEOPT     HGT       TT        UU        VV        RH        DEWPT     LANDSEA   SOILGEO   SOILHGT   PSFC      PMSL      SKINTEMP  SEAICE    SST       SNOW_DEN  SNOW_EC   SNOW      SNOWH     ST000007  ST007028  ST028100  ST100289  SM000007  SM007028  SM028100  SM100289 
-------------------------------------------------------------------------------
2001.0  O        O        O        O        O        O        O        O        O        O        O        O        O        O        O        O        O        O        O        X        X        X        X        X        X        X        X      
-------------------------------------------------------------------------------

###############################################################################

Inventory for date = 2020-10-03 21:00:00

PRES   GEOPT     HGT       TT        UU        VV        RH        DEWPT     LANDSEA   SOILGEO   SOILHGT   PSFC      PMSL      SKINTEMP  SEAICE    SST       SNOW_DEN  SNOW_EC   SNOW      SNOWH     ST000007  ST007028  ST028100  ST100289  SM000007  SM007028  SM028100  SM100289 
-------------------------------------------------------------------------------
2001.0  O        O        O        O        O        O        O        O        O        O        O        O        O        O        O        O        O        O        O        X        X        X        X        X        X        X        X      
-------------------------------------------------------------------------------

###############################################################################

Inventory for date = 2020-10-03 06:00:00

PRES   GEOPT     HGT       TT        UU        VV        RH        DEWPT     LANDSEA   SOILGEO   SOILHGT   PSFC      PMSL      SKINTEMP  SEAICE    SST       SNOW_DEN  SNOW_EC   SNOW      SNOWH     ST000007  ST007028  ST028100  ST100289  SM000007  SM007028  SM028100  SM100289 
-------------------------------------------------------------------------------
2001.0  O        O        O        O        O        O        O        O        O        O        O        O        O        O        O        O        O        O        O        X        X        X        X        X        X        X        X      
-------------------------------------------------------------------------------

###############################################################################

Inventory for date = 2020-10-02 12:00:00

PRES   GEOPT     HGT       TT        UU        VV        RH        DEWPT     LANDSEA   SOILGEO   SOILHGT   PSFC      PMSL      SKINTEMP  SEAICE    SST       SNOW_DEN  SNOW_EC   SNOW      SNOWH     ST000007  ST007028  ST028100  ST100289  SM000007  SM007028  SM028100  SM100289 
-------------------------------------------------------------------------------
2001.0  O        O        O        O        O        O        O        O        O        O        O        O        O        O        O        O        O        O        O        X        X        X        X        X        X        X        X      
-------------------------------------------------------------------------------

###############################################################################

Inventory for date = 2020-10-04 21:00:00

PRES   GEOPT     HGT       TT        UU        VV        RH        DEWPT     LANDSEA   SOILGEO   SOILHGT   PSFC      PMSL      SKINTEMP  SEAICE    SST       SNOW_DEN  SNOW_EC   SNOW      SNOWH     ST000007  ST007028  ST028100  ST100289  SM000007  SM007028  SM028100  SM100289 
-------------------------------------------------------------------------------
2001.0  O        O        O        O        O        O        O        O        O        O        O        O        O        O        O        O        O        O        O        X        X        X        X        X        X        X        X      
-------------------------------------------------------------------------------

###############################################################################

Inventory for date = 2020-10-04 18:00:00

PRES   GEOPT     HGT       TT        UU        VV        RH        DEWPT     LANDSEA   SOILGEO   SOILHGT   PSFC      PMSL      SKINTEMP  SEAICE    SST       SNOW_DEN  SNOW_EC   SNOW      SNOWH     ST000007  ST007028  ST028100  ST100289  SM000007  SM007028  SM028100  SM100289 
-------------------------------------------------------------------------------
2001.0  O        O        O        O        O        O        O        O        O        O        O        O        O        O        O        O        O        O        O        X        X        X        X        X        X        X        X      
-------------------------------------------------------------------------------

###############################################################################

Inventory for date = 2020-10-05 15:00:00

PRES   GEOPT     HGT       TT        UU        VV        RH        DEWPT     LANDSEA   SOILGEO   SOILHGT   PSFC      PMSL      SKINTEMP  SEAICE    SST       SNOW_DEN  SNOW_EC   SNOW      SNOWH     ST000007  ST007028  ST028100  ST100289  SM000007  SM007028  SM028100  SM100289 
-------------------------------------------------------------------------------
2001.0  O        O        O        O        O        O        O        O        O        O        O        O        O        O        O        O        O        O        O        X        X        X        X        X        X        X        X      
-------------------------------------------------------------------------------

###############################################################################

Inventory for date = 2020-10-01 15:00:00

PRES   GEOPT     HGT       TT        UU        VV        RH        DEWPT     LANDSEA   SOILGEO   SOILHGT   PSFC      PMSL      SKINTEMP  SEAICE    SST       SNOW_DEN  SNOW_EC   SNOW      SNOWH     ST000007  ST007028  ST028100  ST100289  SM000007  SM007028  SM028100  SM100289 
-------------------------------------------------------------------------------
2001.0  O        O        O        O        O        O        O        O        O        O        O        O        O        O        O        O        O        O        O        X        X        X        X        X        X        X        X      
-------------------------------------------------------------------------------

###############################################################################

Inventory for date = 2020-10-02 18:00:00

PRES   GEOPT     HGT       TT        UU        VV        RH        DEWPT     LANDSEA   SOILGEO   SOILHGT   PSFC      PMSL      SKINTEMP  SEAICE    SST       SNOW_DEN  SNOW_EC   SNOW      SNOWH     ST000007  ST007028  ST028100  ST100289  SM000007  SM007028  SM028100  SM100289 
-------------------------------------------------------------------------------
2001.0  O        O        O        O        O        O        O        O        O        O        O        O        O        O        O        O        O        O        O        X        X        X        X        X        X        X        X      
-------------------------------------------------------------------------------

###############################################################################

Inventory for date = 2020-09-30 12:00:00

PRES   GEOPT     HGT       TT        UU        VV        RH        DEWPT     LANDSEA   SOILGEO   SOILHGT   PSFC      PMSL      SKINTEMP  SEAICE    SST       SNOW_DEN  SNOW_EC   SNOW      SNOWH     ST000007  ST007028  ST028100  ST100289  SM000007  SM007028  SM028100  SM100289 
-------------------------------------------------------------------------------
2001.0  O        O        O        O        O        O        O        O        O        O        O        O        O        O        O        O        O        O        O        X        X        X        X        X        X        X        X      
-------------------------------------------------------------------------------

###############################################################################

Inventory for date = 2020-10-04 06:00:00

PRES   GEOPT     HGT       TT        UU        VV        RH        DEWPT     LANDSEA   SOILGEO   SOILHGT   PSFC      PMSL      SKINTEMP  SEAICE    SST       SNOW_DEN  SNOW_EC   SNOW      SNOWH     ST000007  ST007028  ST028100  ST100289  SM000007  SM007028  SM028100  SM100289 
-------------------------------------------------------------------------------
2001.0  O        O        O        O        O        O        O        O        O        O        O        O        O        O        O        O        O        O        O        X        X        X        X        X        X        X        X      
-------------------------------------------------------------------------------

###############################################################################

Inventory for date = 2020-10-03 18:00:00

PRES   GEOPT     HGT       TT        UU        VV        RH        DEWPT     LANDSEA   SOILGEO   SOILHGT   PSFC      PMSL      SKINTEMP  SEAICE    SST       SNOW_DEN  SNOW_EC   SNOW      SNOWH     ST000007  ST007028  ST028100  ST100289  SM000007  SM007028  SM028100  SM100289 
-------------------------------------------------------------------------------
2001.0  O        O        O        O        O        O        O        O        O        O        O        O        O        O        O        O        O        O        O        X        X        X        X        X        X        X        X      
-------------------------------------------------------------------------------

###############################################################################

Inventory for date = 2020-09-30 15:00:00

PRES   GEOPT     HGT       TT        UU        VV        RH        DEWPT     LANDSEA   SOILGEO   SOILHGT   PSFC      PMSL      SKINTEMP  SEAICE    SST       SNOW_DEN  SNOW_EC   SNOW      SNOWH     ST000007  ST007028  ST028100  ST100289  SM000007  SM007028  SM028100  SM100289 
-------------------------------------------------------------------------------
2001.0  O        O        O        O        O        O        O        O        O        O        O        O        O        O        O        O        O        O        O        X        X        X        X        X        X        X        X      
-------------------------------------------------------------------------------

###############################################################################

Inventory for date = 2020-09-30 18:00:00

PRES   GEOPT     HGT       TT        UU        VV        RH        DEWPT     LANDSEA   SOILGEO   SOILHGT   PSFC      PMSL      SKINTEMP  SEAICE    SST       SNOW_DEN  SNOW_EC   SNOW      SNOWH     ST000007  ST007028  ST028100  ST100289  SM000007  SM007028  SM028100  SM100289 
-------------------------------------------------------------------------------
2001.0  O        O        O        O        O        O        O        O        O        O        O        O        O        O        O        O        O        O        O        X        X        X        X        X        X        X        X      
-------------------------------------------------------------------------------

###############################################################################

Inventory for date = 2020-10-04 00:00:00

PRES   GEOPT     HGT       TT        UU        VV        RH        DEWPT     LANDSEA   SOILGEO   SOILHGT   PSFC      PMSL      SKINTEMP  SEAICE    SST       SNOW_DEN  SNOW_EC   SNOW      SNOWH     ST000007  ST007028  ST028100  ST100289  SM000007  SM007028  SM028100  SM100289 
-------------------------------------------------------------------------------
2001.0  O        O        O        O        O        O        O        O        O        O        O        O        O        O        O        O        O        O        O        X        X        X        X        X        X        X        X      
-------------------------------------------------------------------------------

###############################################################################

Inventory for date = 2020-10-05 00:00:00

PRES   GEOPT     HGT       TT        UU        VV        RH        DEWPT     LANDSEA   SOILGEO   SOILHGT   PSFC      PMSL      SKINTEMP  SEAICE    SST       SNOW_DEN  SNOW_EC   SNOW      SNOWH     ST000007  ST007028  ST028100  ST100289  SM000007  SM007028  SM028100  SM100289 
-------------------------------------------------------------------------------
2001.0  O        O        O        O        O        O        O        O        O        O        O        O        O        O        O        O        O        O        O        X        X        X        X        X        X        X        X      
-------------------------------------------------------------------------------

###############################################################################

Inventory for date = 2020-10-06 00:00:00

PRES   GEOPT     HGT       TT        UU        VV        RH        DEWPT     LANDSEA   SOILGEO   SOILHGT   PSFC      PMSL      SKINTEMP  SEAICE    SST       SNOW_DEN  SNOW_EC   SNOW      SNOWH     ST000007  ST007028  ST028100  ST100289  SM000007  SM007028  SM028100  SM100289 
-------------------------------------------------------------------------------
2001.0  O        O        O        O        O        O        O        O        O        O        O        O        O        O        O        O        O        O        O        X        X        X        X        X        X        X        X      
-------------------------------------------------------------------------------

###############################################################################

Inventory for date = 2020-10-02 06:00:00

PRES   GEOPT     HGT       TT        UU        VV        RH        DEWPT     LANDSEA   SOILGEO   SOILHGT   PSFC      PMSL      SKINTEMP  SEAICE    SST       SNOW_DEN  SNOW_EC   SNOW      SNOWH     ST000007  ST007028  ST028100  ST100289  SM000007  SM007028  SM028100  SM100289 
-------------------------------------------------------------------------------
2001.0  O        O        O        O        O        O        O        O        O        O        O        O        O        O        O        O        O        O        O        X        X        X        X        X        X        X        X      
-------------------------------------------------------------------------------

###############################################################################

Inventory for date = 2020-10-05 12:00:00

PRES   GEOPT     HGT       TT        UU        VV        RH        DEWPT     LANDSEA   SOILGEO   SOILHGT   PSFC      PMSL      SKINTEMP  SEAICE    SST       SNOW_DEN  SNOW_EC   SNOW      SNOWH     ST000007  ST007028  ST028100  ST100289  SM000007  SM007028  SM028100  SM100289 
-------------------------------------------------------------------------------
2001.0  O        O        O        O        O        O        O        O        O        O        O        O        O        O        O        O        O        O        O        X        X        X        X        X        X        X        X      
-------------------------------------------------------------------------------

###############################################################################

Inventory for date = 2020-10-03 09:00:00

PRES   GEOPT     HGT       TT        UU        VV        RH        DEWPT     LANDSEA   SOILGEO   SOILHGT   PSFC      PMSL      SKINTEMP  SEAICE    SST       SNOW_DEN  SNOW_EC   SNOW      SNOWH     ST000007  ST007028  ST028100  ST100289  SM000007  SM007028  SM028100  SM100289 
-------------------------------------------------------------------------------
2001.0  O        O        O        O        O        O        O        O        O        O        O        O        O        O        O        O        O        O        O        X        X        X        X        X        X        X        X      
-------------------------------------------------------------------------------

###############################################################################

Inventory for date = 2020-10-04 15:00:00

PRES   GEOPT     HGT       TT        UU        VV        RH        DEWPT     LANDSEA   SOILGEO   SOILHGT   PSFC      PMSL      SKINTEMP  SEAICE    SST       SNOW_DEN  SNOW_EC   SNOW      SNOWH     ST000007  ST007028  ST028100  ST100289  SM000007  SM007028  SM028100  SM100289 
-------------------------------------------------------------------------------
2001.0  O        O        O        O        O        O        O        O        O        O        O        O        O        O        O        O        O        O        O        X        X        X        X        X        X        X        X      
-------------------------------------------------------------------------------

###############################################################################

Inventory for date = 2020-10-01 09:00:00

PRES   GEOPT     HGT       TT        UU        VV        RH        DEWPT     LANDSEA   SOILGEO   SOILHGT   PSFC      PMSL      SKINTEMP  SEAICE    SST       SNOW_DEN  SNOW_EC   SNOW      SNOWH     ST000007  ST007028  ST028100  ST100289  SM000007  SM007028  SM028100  SM100289 
-------------------------------------------------------------------------------
2001.0  O        O        O        O        O        O        O        O        O        O        O        O        O        O        O        O        O        O        O        X        X        X        X        X        X        X        X      
-------------------------------------------------------------------------------

###############################################################################

Inventory for date = 2020-10-01 18:00:00

PRES   GEOPT     HGT       TT        UU        VV        RH        DEWPT     LANDSEA   SOILGEO   SOILHGT   PSFC      PMSL      SKINTEMP  SEAICE    SST       SNOW_DEN  SNOW_EC   SNOW      SNOWH     ST000007  ST007028  ST028100  ST100289  SM000007  SM007028  SM028100  SM100289 
-------------------------------------------------------------------------------
2001.0  O        O        O        O        O        O        O        O        O        O        O        O        O        O        O        O        O        O        O        X        X        X        X        X        X        X        X      
-------------------------------------------------------------------------------

###############################################################################

Inventory for date = 2020-10-02 21:00:00

PRES   GEOPT     HGT       TT        UU        VV        RH        DEWPT     LANDSEA   SOILGEO   SOILHGT   PSFC      PMSL      SKINTEMP  SEAICE    SST       SNOW_DEN  SNOW_EC   SNOW      SNOWH     ST000007  ST007028  ST028100  ST100289  SM000007  SM007028  SM028100  SM100289 
-------------------------------------------------------------------------------
2001.0  O        O        O        O        O        O        O        O        O        O        O        O        O        O        O        O        O        O        O        X        X        X        X        X        X        X        X      
-------------------------------------------------------------------------------

###############################################################################

Inventory for date = 2020-10-02 09:00:00

PRES   GEOPT     HGT       TT        UU        VV        RH        DEWPT     LANDSEA   SOILGEO   SOILHGT   PSFC      PMSL      SKINTEMP  SEAICE    SST       SNOW_DEN  SNOW_EC   SNOW      SNOWH     ST000007  ST007028  ST028100  ST100289  SM000007  SM007028  SM028100  SM100289 
-------------------------------------------------------------------------------
2001.0  O        O        O        O        O        O        O        O        O        O        O        O        O        O        O        O        O        O        O        X        X        X        X        X        X        X        X      
-------------------------------------------------------------------------------

###############################################################################

Inventory for date = 2020-10-01 00:00:00

PRES   GEOPT     HGT       TT        UU        VV        RH        DEWPT     LANDSEA   SOILGEO   SOILHGT   PSFC      PMSL      SKINTEMP  SEAICE    SST       SNOW_DEN  SNOW_EC   SNOW      SNOWH     ST000007  ST007028  ST028100  ST100289  SM000007  SM007028  SM028100  SM100289 
-------------------------------------------------------------------------------
2001.0  O        O        O        O        O        O        O        O        O        O        O        O        O        O        O        O        O        O        O        X        X        X        X        X        X        X        X      
-------------------------------------------------------------------------------

###############################################################################

Inventory for date = 2020-10-03 12:00:00

PRES   GEOPT     HGT       TT        UU        VV        RH        DEWPT     LANDSEA   SOILGEO   SOILHGT   PSFC      PMSL      SKINTEMP  SEAICE    SST       SNOW_DEN  SNOW_EC   SNOW      SNOWH     ST000007  ST007028  ST028100  ST100289  SM000007  SM007028  SM028100  SM100289 
-------------------------------------------------------------------------------
2001.0  O        O        O        O        O        O        O        O        O        O        O        O        O        O        O        O        O        O        O        X        X        X        X        X        X        X        X      
-------------------------------------------------------------------------------

###############################################################################

Inventory for date = 2020-10-04 12:00:00

PRES   GEOPT     HGT       TT        UU        VV        RH        DEWPT     LANDSEA   SOILGEO   SOILHGT   PSFC      PMSL      SKINTEMP  SEAICE    SST       SNOW_DEN  SNOW_EC   SNOW      SNOWH     ST000007  ST007028  ST028100  ST100289  SM000007  SM007028  SM028100  SM100289 
-------------------------------------------------------------------------------
2001.0  O        O        O        O        O        O        O        O        O        O        O        O        O        O        O        O        O        O        O        X        X        X        X        X        X        X        X      
-------------------------------------------------------------------------------

###############################################################################

Inventory for date = 2020-10-05 06:00:00

PRES   GEOPT     HGT       TT        UU        VV        RH        DEWPT     LANDSEA   SOILGEO   SOILHGT   PSFC      PMSL      SKINTEMP  SEAICE    SST       SNOW_DEN  SNOW_EC   SNOW      SNOWH     ST000007  ST007028  ST028100  ST100289  SM000007  SM007028  SM028100  SM100289 
-------------------------------------------------------------------------------
2001.0  O        O        O        O        O        O        O        O        O        O        O        O        O        O        O        O        O        O        O        X        X        X        X        X        X        X        X      
-------------------------------------------------------------------------------

###############################################################################

Inventory for date = 2020-10-03 03:00:00

PRES   GEOPT     HGT       TT        UU        VV        RH        DEWPT     LANDSEA   SOILGEO   SOILHGT   PSFC      PMSL      SKINTEMP  SEAICE    SST       SNOW_DEN  SNOW_EC   SNOW      SNOWH     ST000007  ST007028  ST028100  ST100289  SM000007  SM007028  SM028100  SM100289 
-------------------------------------------------------------------------------
2001.0  O        O        O        O        O        O        O        O        O        O        O        O        O        O        O        O        O        O        O        X        X        X        X        X        X        X        X      
-------------------------------------------------------------------------------

###############################################################################

Inventory for date = 2020-10-03 00:00:00

PRES   GEOPT     HGT       TT        UU        VV        RH        DEWPT     LANDSEA   SOILGEO   SOILHGT   PSFC      PMSL      SKINTEMP  SEAICE    SST       SNOW_DEN  SNOW_EC   SNOW      SNOWH     ST000007  ST007028  ST028100  ST100289  SM000007  SM007028  SM028100  SM100289 
-------------------------------------------------------------------------------
2001.0  O        O        O        O        O        O        O        O        O        O        O        O        O        O        O        O        O        O        O        X        X        X        X        X        X        X        X      
-------------------------------------------------------------------------------

###############################################################################

Inventory for date = 2020-10-02 03:00:00

PRES   GEOPT     HGT       TT        UU        VV        RH        DEWPT     LANDSEA   SOILGEO   SOILHGT   PSFC      PMSL      SKINTEMP  SEAICE    SST       SNOW_DEN  SNOW_EC   SNOW      SNOWH     ST000007  ST007028  ST028100  ST100289  SM000007  SM007028  SM028100  SM100289 
-------------------------------------------------------------------------------
2001.0  O        O        O        O        O        O        O        O        O        O        O        O        O        O        O        O        O        O        O        X        X        X        X        X        X        X        X      
-------------------------------------------------------------------------------

###############################################################################

Inventory for date = 2020-10-05 09:00:00

PRES   GEOPT     HGT       TT        UU        VV        RH        DEWPT     LANDSEA   SOILGEO   SOILHGT   PSFC      PMSL      SKINTEMP  SEAICE    SST       SNOW_DEN  SNOW_EC   SNOW      SNOWH     ST000007  ST007028  ST028100  ST100289  SM000007  SM007028  SM028100  SM100289 
-------------------------------------------------------------------------------
2001.0  O        O        O        O        O        O        O        O        O        O        O        O        O        O        O        O        O        O        O        X        X        X        X        X        X        X        X      
-------------------------------------------------------------------------------

###############################################################################

Inventory for date = 2020-10-05 21:00:00

PRES   GEOPT     HGT       TT        UU        VV        RH        DEWPT     LANDSEA   SOILGEO   SOILHGT   PSFC      PMSL      SKINTEMP  SEAICE    SST       SNOW_DEN  SNOW_EC   SNOW      SNOWH     ST000007  ST007028  ST028100  ST100289  SM000007  SM007028  SM028100  SM100289 
-------------------------------------------------------------------------------
2001.0  O        O        O        O        O        O        O        O        O        O        O        O        O        O        O        O        O        O        O        X        X        X        X        X        X        X        X      
-------------------------------------------------------------------------------

###############################################################################

Inventory for date = 2020-09-30 21:00:00

PRES   GEOPT     HGT       TT        UU        VV        RH        DEWPT     LANDSEA   SOILGEO   SOILHGT   PSFC      PMSL      SKINTEMP  SEAICE    SST       SNOW_DEN  SNOW_EC   SNOW      SNOWH     ST000007  ST007028  ST028100  ST100289  SM000007  SM007028  SM028100  SM100289 
-------------------------------------------------------------------------------
2001.0  O        O        O        O        O        O        O        O        O        O        O        O        O        O        O        O        O        O        O        X        X        X        X        X        X        X        X      
-------------------------------------------------------------------------------

###############################################################################

Inventory for date = 2020-10-04 09:00:00

PRES   GEOPT     HGT       TT        UU        VV        RH        DEWPT     LANDSEA   SOILGEO   SOILHGT   PSFC      PMSL      SKINTEMP  SEAICE    SST       SNOW_DEN  SNOW_EC   SNOW      SNOWH     ST000007  ST007028  ST028100  ST100289  SM000007  SM007028  SM028100  SM100289 
-------------------------------------------------------------------------------
2001.0  O        O        O        O        O        O        O        O        O        O        O        O        O        O        O        O        O        O        O        X        X        X        X        X        X        X        X      
-------------------------------------------------------------------------------

###############################################################################

Inventory for date = 2020-10-01 21:00:00

PRES   GEOPT     HGT       TT        UU        VV        RH        DEWPT     LANDSEA   SOILGEO   SOILHGT   PSFC      PMSL      SKINTEMP  SEAICE    SST       SNOW_DEN  SNOW_EC   SNOW      SNOWH     ST000007  ST007028  ST028100  ST100289  SM000007  SM007028  SM028100  SM100289 
-------------------------------------------------------------------------------
2001.0  O        O        O        O        O        O        O        O        O        O        O        O        O        O        O        O        O        O        O        X        X        X        X        X        X        X        X      
-------------------------------------------------------------------------------

###############################################################################

Inventory for date = 2020-10-02 15:00:00

PRES   GEOPT     HGT       TT        UU        VV        RH        DEWPT     LANDSEA   SOILGEO   SOILHGT   PSFC      PMSL      SKINTEMP  SEAICE    SST       SNOW_DEN  SNOW_EC   SNOW      SNOWH     ST000007  ST007028  ST028100  ST100289  SM000007  SM007028  SM028100  SM100289 
-------------------------------------------------------------------------------
2001.0  O        O        O        O        O        O        O        O        O        O        O        O        O        O        O        O        O        O        O        X        X        X        X        X        X        X        X      
-------------------------------------------------------------------------------

###############################################################################

Inventory for date = 2020-10-01 12:00:00

PRES   GEOPT     HGT       TT        UU        VV        RH        DEWPT     LANDSEA   SOILGEO   SOILHGT   PSFC      PMSL      SKINTEMP  SEAICE    SST       SNOW_DEN  SNOW_EC   SNOW      SNOWH     ST000007  ST007028  ST028100  ST100289  SM000007  SM007028  SM028100  SM100289 
-------------------------------------------------------------------------------
2001.0  O        O        O        O        O        O        O        O        O        O        O        O        O        O        O        O        O        O        O        X        X        X        X        X        X        X        X      
-------------------------------------------------------------------------------

###############################################################################

Inventory for date = 2020-10-01 06:00:00

PRES   GEOPT     HGT       TT        UU        VV        RH        DEWPT     LANDSEA   SOILGEO   SOILHGT   PSFC      PMSL      SKINTEMP  SEAICE    SST       SNOW_DEN  SNOW_EC   SNOW      SNOWH     ST000007  ST007028  ST028100  ST100289  SM000007  SM007028  SM028100  SM100289 
-------------------------------------------------------------------------------
2001.0  O        O        O        O        O        O        O        O        O        O        O        O        O        O        O        O        O        O        O        X        X        X        X        X        X        X        X      
-------------------------------------------------------------------------------

###############################################################################

Inventory for date = 2020-10-04 03:00:00

PRES   GEOPT     HGT       TT        UU        VV        RH        DEWPT     LANDSEA   SOILGEO   SOILHGT   PSFC      PMSL      SKINTEMP  SEAICE    SST       SNOW_DEN  SNOW_EC   SNOW      SNOWH     ST000007  ST007028  ST028100  ST100289  SM000007  SM007028  SM028100  SM100289 
-------------------------------------------------------------------------------
2001.0  O        O        O        O        O        O        O        O        O        O        O        O        O        O        O        O        O        O        O        X        X        X        X        X        X        X        X      
-------------------------------------------------------------------------------

###############################################################################

Inventory for date = 2020-10-03 15:00:00

PRES   GEOPT     HGT       TT        UU        VV        RH        DEWPT     LANDSEA   SOILGEO   SOILHGT   PSFC      PMSL      SKINTEMP  SEAICE    SST       SNOW_DEN  SNOW_EC   SNOW      SNOWH     ST000007  ST007028  ST028100  ST100289  SM000007  SM007028  SM028100  SM100289 
-------------------------------------------------------------------------------
2001.0  O        O        O        O        O        O        O        O        O        O        O        O        O        O        O        O        O        O        O        X        X        X        X        X        X        X        X      
-------------------------------------------------------------------------------

###############################################################################

Inventory for date = 2020-09-30 12:00:00

PRES   GEOPT     HGT       TT        UU        VV        RH        DEWPT     LANDSEA   SOILGEO   SOILHGT   PSFC      PMSL      SKINTEMP  SEAICE    SST       SNOW_DEN  SNOW_EC   SNOW      SNOWH     ST000007  ST007028  ST028100  ST100289  SM000007  SM007028  SM028100  SM100289 
-------------------------------------------------------------------------------
2001.0  O        O        O        O        O        O        O        O        O        O        O        O        O        O        O        O        O        O        O        X        X        X        X        X        X        X        X      
-------------------------------------------------------------------------------

###############################################################################

Inventory for date = 2020-09-30 15:00:00

PRES   GEOPT     HGT       TT        UU        VV        RH        DEWPT     LANDSEA   SOILGEO   SOILHGT   PSFC      PMSL      SKINTEMP  SEAICE    SST       SNOW_DEN  SNOW_EC   SNOW      SNOWH     ST000007  ST007028  ST028100  ST100289  SM000007  SM007028  SM028100  SM100289 
-------------------------------------------------------------------------------
2001.0  O        O        O        O        O        O        O        O        O        O        O        O        O        O        O        O        O        O        O        X        X        X        X        X        X        X        X      
-------------------------------------------------------------------------------

###############################################################################

Inventory for date = 2020-09-30 18:00:00

PRES   GEOPT     HGT       TT        UU        VV        RH        DEWPT     LANDSEA   SOILGEO   SOILHGT   PSFC      PMSL      SKINTEMP  SEAICE    SST       SNOW_DEN  SNOW_EC   SNOW      SNOWH     ST000007  ST007028  ST028100  ST100289  SM000007  SM007028  SM028100  SM100289 
-------------------------------------------------------------------------------
2001.0  O        O        O        O        O        O        O        O        O        O        O        O        O        O        O        O        O        O        O        X        X        X        X        X        X        X        X      
-------------------------------------------------------------------------------

###############################################################################

Inventory for date = 2020-09-30 21:00:00

PRES   GEOPT     HGT       TT        UU        VV        RH        DEWPT     LANDSEA   SOILGEO   SOILHGT   PSFC      PMSL      SKINTEMP  SEAICE    SST       SNOW_DEN  SNOW_EC   SNOW      SNOWH     ST000007  ST007028  ST028100  ST100289  SM000007  SM007028  SM028100  SM100289 
-------------------------------------------------------------------------------
2001.0  O        O        O        O        O        O        O        O        O        O        O        O        O        O        O        O        O        O        O        X        X        X        X        X        X        X        X      
-------------------------------------------------------------------------------

###############################################################################

Inventory for date = 2020-10-01 00:00:00

PRES   GEOPT     HGT       TT        UU        VV        RH        DEWPT     LANDSEA   SOILGEO   SOILHGT   PSFC      PMSL      SKINTEMP  SEAICE    SST       SNOW_DEN  SNOW_EC   SNOW      SNOWH     ST000007  ST007028  ST028100  ST100289  SM000007  SM007028  SM028100  SM100289 
-------------------------------------------------------------------------------
2001.0  O        O        O        O        O        O        O        O        O        O        O        O        O        O        O        O        O        O        O        X        X        X        X        X        X        X        X      
-------------------------------------------------------------------------------

###############################################################################

Inventory for date = 2020-10-01 03:00:00

PRES   GEOPT     HGT       TT        UU        VV        RH        DEWPT     LANDSEA   SOILGEO   SOILHGT   PSFC      PMSL      SKINTEMP  SEAICE    SST       SNOW_DEN  SNOW_EC   SNOW      SNOWH     ST000007  ST007028  ST028100  ST100289  SM000007  SM007028  SM028100  SM100289 
-------------------------------------------------------------------------------
2001.0  O        O        O        O        O        O        O        O        O        O        O        O        O        O        O        O        O        O        O        X        X        X        X        X        X        X        X      
-------------------------------------------------------------------------------

###############################################################################

Inventory for date = 2020-10-01 06:00:00

PRES   GEOPT     HGT       TT        UU        VV        RH        DEWPT     LANDSEA   SOILGEO   SOILHGT   PSFC      PMSL      SKINTEMP  SEAICE    SST       SNOW_DEN  SNOW_EC   SNOW      SNOWH     ST000007  ST007028  ST028100  ST100289  SM000007  SM007028  SM028100  SM100289 
-------------------------------------------------------------------------------
2001.0  O        O        O        O        O        O        O        O        O        O        O        O        O        O        O        O        O        O        O        X        X        X        X        X        X        X        X      
-------------------------------------------------------------------------------

###############################################################################

Inventory for date = 2020-10-01 09:00:00

PRES   GEOPT     HGT       TT        UU        VV        RH        DEWPT     LANDSEA   SOILGEO   SOILHGT   PSFC      PMSL      SKINTEMP  SEAICE    SST       SNOW_DEN  SNOW_EC   SNOW      SNOWH     ST000007  ST007028  ST028100  ST100289  SM000007  SM007028  SM028100  SM100289 
-------------------------------------------------------------------------------
2001.0  O        O        O        O        O        O        O        O        O        O        O        O        O        O        O        O        O        O        O        X        X        X        X        X        X        X        X      
-------------------------------------------------------------------------------

###############################################################################

Inventory for date = 2020-10-01 12:00:00

PRES   GEOPT     HGT       TT        UU        VV        RH        DEWPT     LANDSEA   SOILGEO   SOILHGT   PSFC      PMSL      SKINTEMP  SEAICE    SST       SNOW_DEN  SNOW_EC   SNOW      SNOWH     ST000007  ST007028  ST028100  ST100289  SM000007  SM007028  SM028100  SM100289 
-------------------------------------------------------------------------------
2001.0  O        O        O        O        O        O        O        O        O        O        O        O        O        O        O        O        O        O        O        X        X        X        X        X        X        X        X      
-------------------------------------------------------------------------------

###############################################################################

Inventory for date = 2020-10-01 15:00:00

PRES   GEOPT     HGT       TT        UU        VV        RH        DEWPT     LANDSEA   SOILGEO   SOILHGT   PSFC      PMSL      SKINTEMP  SEAICE    SST       SNOW_DEN  SNOW_EC   SNOW      SNOWH     ST000007  ST007028  ST028100  ST100289  SM000007  SM007028  SM028100  SM100289 
-------------------------------------------------------------------------------
2001.0  O        O        O        O        O        O        O        O        O        O        O        O        O        O        O        O        O        O        O        X        X        X        X        X        X        X        X      
-------------------------------------------------------------------------------

###############################################################################

Inventory for date = 2020-10-01 18:00:00

PRES   GEOPT     HGT       TT        UU        VV        RH        DEWPT     LANDSEA   SOILGEO   SOILHGT   PSFC      PMSL      SKINTEMP  SEAICE    SST       SNOW_DEN  SNOW_EC   SNOW      SNOWH     ST000007  ST007028  ST028100  ST100289  SM000007  SM007028  SM028100  SM100289 
-------------------------------------------------------------------------------
2001.0  O        O        O        O        O        O        O        O        O        O        O        O        O        O        O        O        O        O        O        X        X        X        X        X        X        X        X      
-------------------------------------------------------------------------------

###############################################################################

Inventory for date = 2020-10-01 21:00:00

PRES   GEOPT     HGT       TT        UU        VV        RH        DEWPT     LANDSEA   SOILGEO   SOILHGT   PSFC      PMSL      SKINTEMP  SEAICE    SST       SNOW_DEN  SNOW_EC   SNOW      SNOWH     ST000007  ST007028  ST028100  ST100289  SM000007  SM007028  SM028100  SM100289 
-------------------------------------------------------------------------------
2001.0  O        O        O        O        O        O        O        O        O        O        O        O        O        O        O        O        O        O        O        X        X        X        X        X        X        X        X      
-------------------------------------------------------------------------------

###############################################################################

Inventory for date = 2020-10-02 00:00:00

PRES   GEOPT     HGT       TT        UU        VV        RH        DEWPT     LANDSEA   SOILGEO   SOILHGT   PSFC      PMSL      SKINTEMP  SEAICE    SST       SNOW_DEN  SNOW_EC   SNOW      SNOWH     ST000007  ST007028  ST028100  ST100289  SM000007  SM007028  SM028100  SM100289 
-------------------------------------------------------------------------------
2001.0  O        O        O        O        O        O        O        O        O        O        O        O        O        O        O        O        O        O        O        X        X        X        X        X        X        X        X      
-------------------------------------------------------------------------------

###############################################################################

Inventory for date = 2020-10-02 03:00:00

PRES   GEOPT     HGT       TT        UU        VV        RH        DEWPT     LANDSEA   SOILGEO   SOILHGT   PSFC      PMSL      SKINTEMP  SEAICE    SST       SNOW_DEN  SNOW_EC   SNOW      SNOWH     ST000007  ST007028  ST028100  ST100289  SM000007  SM007028  SM028100  SM100289 
-------------------------------------------------------------------------------
2001.0  O        O        O        O        O        O        O        O        O        O        O        O        O        O        O        O        O        O        O        X        X        X        X        X        X        X        X      
-------------------------------------------------------------------------------

###############################################################################

Inventory for date = 2020-10-02 06:00:00

PRES   GEOPT     HGT       TT        UU        VV        RH        DEWPT     LANDSEA   SOILGEO   SOILHGT   PSFC      PMSL      SKINTEMP  SEAICE    SST       SNOW_DEN  SNOW_EC   SNOW      SNOWH     ST000007  ST007028  ST028100  ST100289  SM000007  SM007028  SM028100  SM100289 
-------------------------------------------------------------------------------
2001.0  O        O        O        O        O        O        O        O        O        O        O        O        O        O        O        O        O        O        O        X        X        X        X        X        X        X        X      
-------------------------------------------------------------------------------

###############################################################################

Inventory for date = 2020-10-02 09:00:00

PRES   GEOPT     HGT       TT        UU        VV        RH        DEWPT     LANDSEA   SOILGEO   SOILHGT   PSFC      PMSL      SKINTEMP  SEAICE    SST       SNOW_DEN  SNOW_EC   SNOW      SNOWH     ST000007  ST007028  ST028100  ST100289  SM000007  SM007028  SM028100  SM100289 
-------------------------------------------------------------------------------
2001.0  O        O        O        O        O        O        O        O        O        O        O        O        O        O        O        O        O        O        O        X        X        X        X        X        X        X        X      
-------------------------------------------------------------------------------

###############################################################################

Inventory for date = 2020-10-02 12:00:00

PRES   GEOPT     HGT       TT        UU        VV        RH        DEWPT     LANDSEA   SOILGEO   SOILHGT   PSFC      PMSL      SKINTEMP  SEAICE    SST       SNOW_DEN  SNOW_EC   SNOW      SNOWH     ST000007  ST007028  ST028100  ST100289  SM000007  SM007028  SM028100  SM100289 
-------------------------------------------------------------------------------
2001.0  O        O        O        O        O        O        O        O        O        O        O        O        O        O        O        O        O        O        O        X        X        X        X        X        X        X        X      
-------------------------------------------------------------------------------

###############################################################################

Inventory for date = 2020-10-02 15:00:00

PRES   GEOPT     HGT       TT        UU        VV        RH        DEWPT     LANDSEA   SOILGEO   SOILHGT   PSFC      PMSL      SKINTEMP  SEAICE    SST       SNOW_DEN  SNOW_EC   SNOW      SNOWH     ST000007  ST007028  ST028100  ST100289  SM000007  SM007028  SM028100  SM100289 
-------------------------------------------------------------------------------
2001.0  O        O        O        O        O        O        O        O        O        O        O        O        O        O        O        O        O        O        O        X        X        X        X        X        X        X        X      
-------------------------------------------------------------------------------

###############################################################################

Inventory for date = 2020-10-02 18:00:00

PRES   GEOPT     HGT       TT        UU        VV        RH        DEWPT     LANDSEA   SOILGEO   SOILHGT   PSFC      PMSL      SKINTEMP  SEAICE    SST       SNOW_DEN  SNOW_EC   SNOW      SNOWH     ST000007  ST007028  ST028100  ST100289  SM000007  SM007028  SM028100  SM100289 
-------------------------------------------------------------------------------
2001.0  O        O        O        O        O        O        O        O        O        O        O        O        O        O        O        O        O        O        O        X        X        X        X        X        X        X        X      
-------------------------------------------------------------------------------

###############################################################################

Inventory for date = 2020-10-02 21:00:00

PRES   GEOPT     HGT       TT        UU        VV        RH        DEWPT     LANDSEA   SOILGEO   SOILHGT   PSFC      PMSL      SKINTEMP  SEAICE    SST       SNOW_DEN  SNOW_EC   SNOW      SNOWH     ST000007  ST007028  ST028100  ST100289  SM000007  SM007028  SM028100  SM100289 
-------------------------------------------------------------------------------
2001.0  O        O        O        O        O        O        O        O        O        O        O        O        O        O        O        O        O        O        O        X        X        X        X        X        X        X        X      
-------------------------------------------------------------------------------

###############################################################################

Inventory for date = 2020-10-03 00:00:00

PRES   GEOPT     HGT       TT        UU        VV        RH        DEWPT     LANDSEA   SOILGEO   SOILHGT   PSFC      PMSL      SKINTEMP  SEAICE    SST       SNOW_DEN  SNOW_EC   SNOW      SNOWH     ST000007  ST007028  ST028100  ST100289  SM000007  SM007028  SM028100  SM100289 
-------------------------------------------------------------------------------
2001.0  O        O        O        O        O        O        O        O        O        O        O        O        O        O        O        O        O        O        O        X        X        X        X        X        X        X        X      
-------------------------------------------------------------------------------

###############################################################################

Inventory for date = 2020-10-03 03:00:00

PRES   GEOPT     HGT       TT        UU        VV        RH        DEWPT     LANDSEA   SOILGEO   SOILHGT   PSFC      PMSL      SKINTEMP  SEAICE    SST       SNOW_DEN  SNOW_EC   SNOW      SNOWH     ST000007  ST007028  ST028100  ST100289  SM000007  SM007028  SM028100  SM100289 
-------------------------------------------------------------------------------
2001.0  O        O        O        O        O        O        O        O        O        O        O        O        O        O        O        O        O        O        O        X        X        X        X        X        X        X        X      
-------------------------------------------------------------------------------

###############################################################################

Inventory for date = 2020-10-03 06:00:00

PRES   GEOPT     HGT       TT        UU        VV        RH        DEWPT     LANDSEA   SOILGEO   SOILHGT   PSFC      PMSL      SKINTEMP  SEAICE    SST       SNOW_DEN  SNOW_EC   SNOW      SNOWH     ST000007  ST007028  ST028100  ST100289  SM000007  SM007028  SM028100  SM100289 
-------------------------------------------------------------------------------
2001.0  O        O        O        O        O        O        O        O        O        O        O        O        O        O        O        O        O        O        O        X        X        X        X        X        X        X        X      
-------------------------------------------------------------------------------

###############################################################################

Inventory for date = 2020-10-03 09:00:00

PRES   GEOPT     HGT       TT        UU        VV        RH        DEWPT     LANDSEA   SOILGEO   SOILHGT   PSFC      PMSL      SKINTEMP  SEAICE    SST       SNOW_DEN  SNOW_EC   SNOW      SNOWH     ST000007  ST007028  ST028100  ST100289  SM000007  SM007028  SM028100  SM100289 
-------------------------------------------------------------------------------
2001.0  O        O        O        O        O        O        O        O        O        O        O        O        O        O        O        O        O        O        O        X        X        X        X        X        X        X        X      
-------------------------------------------------------------------------------

###############################################################################

Inventory for date = 2020-10-03 12:00:00

PRES   GEOPT     HGT       TT        UU        VV        RH        DEWPT     LANDSEA   SOILGEO   SOILHGT   PSFC      PMSL      SKINTEMP  SEAICE    SST       SNOW_DEN  SNOW_EC   SNOW      SNOWH     ST000007  ST007028  ST028100  ST100289  SM000007  SM007028  SM028100  SM100289 
-------------------------------------------------------------------------------
2001.0  O        O        O        O        O        O        O        O        O        O        O        O        O        O        O        O        O        O        O        X        X        X        X        X        X        X        X      
-------------------------------------------------------------------------------

###############################################################################

Inventory for date = 2020-10-03 15:00:00

PRES   GEOPT     HGT       TT        UU        VV        RH        DEWPT     LANDSEA   SOILGEO   SOILHGT   PSFC      PMSL      SKINTEMP  SEAICE    SST       SNOW_DEN  SNOW_EC   SNOW      SNOWH     ST000007  ST007028  ST028100  ST100289  SM000007  SM007028  SM028100  SM100289 
-------------------------------------------------------------------------------
2001.0  O        O        O        O        O        O        O        O        O        O        O        O        O        O        O        O        O        O        O        X        X        X        X        X        X        X        X      
-------------------------------------------------------------------------------

###############################################################################

Inventory for date = 2020-10-03 18:00:00

PRES   GEOPT     HGT       TT        UU        VV        RH        DEWPT     LANDSEA   SOILGEO   SOILHGT   PSFC      PMSL      SKINTEMP  SEAICE    SST       SNOW_DEN  SNOW_EC   SNOW      SNOWH     ST000007  ST007028  ST028100  ST100289  SM000007  SM007028  SM028100  SM100289 
-------------------------------------------------------------------------------
2001.0  O        O        O        O        O        O        O        O        O        O        O        O        O        O        O        O        O        O        O        X        X        X        X        X        X        X        X      
-------------------------------------------------------------------------------

###############################################################################

Inventory for date = 2020-10-03 21:00:00

PRES   GEOPT     HGT       TT        UU        VV        RH        DEWPT     LANDSEA   SOILGEO   SOILHGT   PSFC      PMSL      SKINTEMP  SEAICE    SST       SNOW_DEN  SNOW_EC   SNOW      SNOWH     ST000007  ST007028  ST028100  ST100289  SM000007  SM007028  SM028100  SM100289 
-------------------------------------------------------------------------------
2001.0  O        O        O        O        O        O        O        O        O        O        O        O        O        O        O        O        O        O        O        X        X        X        X        X        X        X        X      
-------------------------------------------------------------------------------

###############################################################################

Inventory for date = 2020-10-04 00:00:00

PRES   GEOPT     HGT       TT        UU        VV        RH        DEWPT     LANDSEA   SOILGEO   SOILHGT   PSFC      PMSL      SKINTEMP  SEAICE    SST       SNOW_DEN  SNOW_EC   SNOW      SNOWH     ST000007  ST007028  ST028100  ST100289  SM000007  SM007028  SM028100  SM100289 
-------------------------------------------------------------------------------
2001.0  O        O        O        O        O        O        O        O        O        O        O        O        O        O        O        O        O        O        O        X        X        X        X        X        X        X        X      
-------------------------------------------------------------------------------

###############################################################################

Inventory for date = 2020-10-04 03:00:00

PRES   GEOPT     HGT       TT        UU        VV        RH        DEWPT     LANDSEA   SOILGEO   SOILHGT   PSFC      PMSL      SKINTEMP  SEAICE    SST       SNOW_DEN  SNOW_EC   SNOW      SNOWH     ST000007  ST007028  ST028100  ST100289  SM000007  SM007028  SM028100  SM100289 
-------------------------------------------------------------------------------
2001.0  O        O        O        O        O        O        O        O        O        O        O        O        O        O        O        O        O        O        O        X        X        X        X        X        X        X        X      
-------------------------------------------------------------------------------

###############################################################################

Inventory for date = 2020-10-04 06:00:00

PRES   GEOPT     HGT       TT        UU        VV        RH        DEWPT     LANDSEA   SOILGEO   SOILHGT   PSFC      PMSL      SKINTEMP  SEAICE    SST       SNOW_DEN  SNOW_EC   SNOW      SNOWH     ST000007  ST007028  ST028100  ST100289  SM000007  SM007028  SM028100  SM100289 
-------------------------------------------------------------------------------
2001.0  O        O        O        O        O        O        O        O        O        O        O        O        O        O        O        O        O        O        O        X        X        X        X        X        X        X        X      
-------------------------------------------------------------------------------

###############################################################################

Inventory for date = 2020-10-04 09:00:00

PRES   GEOPT     HGT       TT        UU        VV        RH        DEWPT     LANDSEA   SOILGEO   SOILHGT   PSFC      PMSL      SKINTEMP  SEAICE    SST       SNOW_DEN  SNOW_EC   SNOW      SNOWH     ST000007  ST007028  ST028100  ST100289  SM000007  SM007028  SM028100  SM100289 
-------------------------------------------------------------------------------
2001.0  O        O        O        O        O        O        O        O        O        O        O        O        O        O        O        O        O        O        O        X        X        X        X        X        X        X        X      
-------------------------------------------------------------------------------

###############################################################################

Inventory for date = 2020-10-04 12:00:00

PRES   GEOPT     HGT       TT        UU        VV        RH        DEWPT     LANDSEA   SOILGEO   SOILHGT   PSFC      PMSL      SKINTEMP  SEAICE    SST       SNOW_DEN  SNOW_EC   SNOW      SNOWH     ST000007  ST007028  ST028100  ST100289  SM000007  SM007028  SM028100  SM100289 
-------------------------------------------------------------------------------
2001.0  O        O        O        O        O        O        O        O        O        O        O        O        O        O        O        O        O        O        O        X        X        X        X        X        X        X        X      
-------------------------------------------------------------------------------

###############################################################################

Inventory for date = 2020-10-04 15:00:00

PRES   GEOPT     HGT       TT        UU        VV        RH        DEWPT     LANDSEA   SOILGEO   SOILHGT   PSFC      PMSL      SKINTEMP  SEAICE    SST       SNOW_DEN  SNOW_EC   SNOW      SNOWH     ST000007  ST007028  ST028100  ST100289  SM000007  SM007028  SM028100  SM100289 
-------------------------------------------------------------------------------
2001.0  O        O        O        O        O        O        O        O        O        O        O        O        O        O        O        O        O        O        O        X        X        X        X        X        X        X        X      
-------------------------------------------------------------------------------

###############################################################################

Inventory for date = 2020-10-04 18:00:00

PRES   GEOPT     HGT       TT        UU        VV        RH        DEWPT     LANDSEA   SOILGEO   SOILHGT   PSFC      PMSL      SKINTEMP  SEAICE    SST       SNOW_DEN  SNOW_EC   SNOW      SNOWH     ST000007  ST007028  ST028100  ST100289  SM000007  SM007028  SM028100  SM100289 
-------------------------------------------------------------------------------
2001.0  O        O        O        O        O        O        O        O        O        O        O        O        O        O        O        O        O        O        O        X        X        X        X        X        X        X        X      
-------------------------------------------------------------------------------

###############################################################################

Inventory for date = 2020-10-04 21:00:00

PRES   GEOPT     HGT       TT        UU        VV        RH        DEWPT     LANDSEA   SOILGEO   SOILHGT   PSFC      PMSL      SKINTEMP  SEAICE    SST       SNOW_DEN  SNOW_EC   SNOW      SNOWH     ST000007  ST007028  ST028100  ST100289  SM000007  SM007028  SM028100  SM100289 
-------------------------------------------------------------------------------
2001.0  O        O        O        O        O        O        O        O        O        O        O        O        O        O        O        O        O        O        O        X        X        X        X        X        X        X        X      
-------------------------------------------------------------------------------

###############################################################################

Inventory for date = 2020-10-05 00:00:00

PRES   GEOPT     HGT       TT        UU        VV        RH        DEWPT     LANDSEA   SOILGEO   SOILHGT   PSFC      PMSL      SKINTEMP  SEAICE    SST       SNOW_DEN  SNOW_EC   SNOW      SNOWH     ST000007  ST007028  ST028100  ST100289  SM000007  SM007028  SM028100  SM100289 
-------------------------------------------------------------------------------
2001.0  O        O        O        O        O        O        O        O        O        O        O        O        O        O        O        O        O        O        O        X        X        X        X        X        X        X        X      
-------------------------------------------------------------------------------

###############################################################################

Inventory for date = 2020-10-05 03:00:00

PRES   GEOPT     HGT       TT        UU        VV        RH        DEWPT     LANDSEA   SOILGEO   SOILHGT   PSFC      PMSL      SKINTEMP  SEAICE    SST       SNOW_DEN  SNOW_EC   SNOW      SNOWH     ST000007  ST007028  ST028100  ST100289  SM000007  SM007028  SM028100  SM100289 
-------------------------------------------------------------------------------
2001.0  O        O        O        O        O        O        O        O        O        O        O        O        O        O        O        O        O        O        O        X        X        X        X        X        X        X        X      
-------------------------------------------------------------------------------

###############################################################################

Inventory for date = 2020-10-05 06:00:00

PRES   GEOPT     HGT       TT        UU        VV        RH        DEWPT     LANDSEA   SOILGEO   SOILHGT   PSFC      PMSL      SKINTEMP  SEAICE    SST       SNOW_DEN  SNOW_EC   SNOW      SNOWH     ST000007  ST007028  ST028100  ST100289  SM000007  SM007028  SM028100  SM100289 
-------------------------------------------------------------------------------
2001.0  O        O        O        O        O        O        O        O        O        O        O        O        O        O        O        O        O        O        O        X        X        X        X        X        X        X        X      
-------------------------------------------------------------------------------

###############################################################################

Inventory for date = 2020-10-05 09:00:00

PRES   GEOPT     HGT       TT        UU        VV        RH        DEWPT     LANDSEA   SOILGEO   SOILHGT   PSFC      PMSL      SKINTEMP  SEAICE    SST       SNOW_DEN  SNOW_EC   SNOW      SNOWH     ST000007  ST007028  ST028100  ST100289  SM000007  SM007028  SM028100  SM100289 
-------------------------------------------------------------------------------
2001.0  O        O        O        O        O        O        O        O        O        O        O        O        O        O        O        O        O        O        O        X        X        X        X        X        X        X        X      
-------------------------------------------------------------------------------

###############################################################################

Inventory for date = 2020-10-05 12:00:00

PRES   GEOPT     HGT       TT        UU        VV        RH        DEWPT     LANDSEA   SOILGEO   SOILHGT   PSFC      PMSL      SKINTEMP  SEAICE    SST       SNOW_DEN  SNOW_EC   SNOW      SNOWH     ST000007  ST007028  ST028100  ST100289  SM000007  SM007028  SM028100  SM100289 
-------------------------------------------------------------------------------
2001.0  O        O        O        O        O        O        O        O        O        O        O        O        O        O        O        O        O        O        O        X        X        X        X        X        X        X        X      
-------------------------------------------------------------------------------

###############################################################################

Inventory for date = 2020-10-05 15:00:00

PRES   GEOPT     HGT       TT        UU        VV        RH        DEWPT     LANDSEA   SOILGEO   SOILHGT   PSFC      PMSL      SKINTEMP  SEAICE    SST       SNOW_DEN  SNOW_EC   SNOW      SNOWH     ST000007  ST007028  ST028100  ST100289  SM000007  SM007028  SM028100  SM100289 
-------------------------------------------------------------------------------
2001.0  O        O        O        O        O        O        O        O        O        O        O        O        O        O        O        O        O        O        O        X        X        X        X        X        X        X        X      
-------------------------------------------------------------------------------

###############################################################################

Inventory for date = 2020-10-05 18:00:00

PRES   GEOPT     HGT       TT        UU        VV        RH        DEWPT     LANDSEA   SOILGEO   SOILHGT   PSFC      PMSL      SKINTEMP  SEAICE    SST       SNOW_DEN  SNOW_EC   SNOW      SNOWH     ST000007  ST007028  ST028100  ST100289  SM000007  SM007028  SM028100  SM100289 
-------------------------------------------------------------------------------
2001.0  O        O        O        O        O        O        O        O        O        O        O        O        O        O        O        O        O        O        O        X        X        X        X        X        X        X        X      
Subroutine DATINT: Interpolating 3-d files to fill in any missing data...
Looking for data at time 2020-09-30_12
Found file:      ERA5:2020-09-30_12
Looking for data at time 2020-09-30_15
Found file:      ERA5:2020-09-30_15
Looking for data at time 2020-09-30_18
Found file:      ERA5:2020-09-30_18
Looking for data at time 2020-09-30_21
Found file:      ERA5:2020-09-30_21
Looking for data at time 2020-10-01_00
Found file:      ERA5:2020-10-01_00
Looking for data at time 2020-10-01_03
Found file:      ERA5:2020-10-01_03
Looking for data at time 2020-10-01_06
Found file:      ERA5:2020-10-01_06
Looking for data at time 2020-10-01_09
Found file:      ERA5:2020-10-01_09
Looking for data at time 2020-10-01_12
Found file:      ERA5:2020-10-01_12
Looking for data at time 2020-10-01_15
Found file:      ERA5:2020-10-01_15
Looking for data at time 2020-10-01_18
Found file:      ERA5:2020-10-01_18
Looking for data at time 2020-10-01_21
Found file:      ERA5:2020-10-01_21
Looking for data at time 2020-10-02_00
Found file:      ERA5:2020-10-02_00
Looking for data at time 2020-10-02_03
Found file:      ERA5:2020-10-02_03
Looking for data at time 2020-10-02_06
Found file:      ERA5:2020-10-02_06
Looking for data at time 2020-10-02_09
Found file:      ERA5:2020-10-02_09
Looking for data at time 2020-10-02_12
Found file:      ERA5:2020-10-02_12
Looking for data at time 2020-10-02_15
Found file:      ERA5:2020-10-02_15
Looking for data at time 2020-10-02_18
Found file:      ERA5:2020-10-02_18
Looking for data at time 2020-10-02_21
Found file:      ERA5:2020-10-02_21
Looking for data at time 2020-10-03_00
Found file:      ERA5:2020-10-03_00
Looking for data at time 2020-10-03_03
Found file:      ERA5:2020-10-03_03
Looking for data at time 2020-10-03_06
Found file:      ERA5:2020-10-03_06
Looking for data at time 2020-10-03_09
Found file:      ERA5:2020-10-03_09
Looking for data at time 2020-10-03_12
Found file:      ERA5:2020-10-03_12
Looking for data at time 2020-10-03_15
Found file:      ERA5:2020-10-03_15
Looking for data at time 2020-10-03_18
Found file:      ERA5:2020-10-03_18
Looking for data at time 2020-10-03_21
Found file:      ERA5:2020-10-03_21
Looking for data at time 2020-10-04_00
Found file:      ERA5:2020-10-04_00
Looking for data at time 2020-10-04_03
Found file:      ERA5:2020-10-04_03
Looking for data at time 2020-10-04_06
Found file:      ERA5:2020-10-04_06
Looking for data at time 2020-10-04_09
Found file:      ERA5:2020-10-04_09
Looking for data at time 2020-10-04_12
Found file:      ERA5:2020-10-04_12
Looking for data at time 2020-10-04_15
Found file:      ERA5:2020-10-04_15
Looking for data at time 2020-10-04_18
Found file:      ERA5:2020-10-04_18
Looking for data at time 2020-10-04_21
Found file:      ERA5:2020-10-04_21
Looking for data at time 2020-10-05_00
Found file:      ERA5:2020-10-05_00
Looking for data at time 2020-10-05_03
Found file:      ERA5:2020-10-05_03
Looking for data at time 2020-10-05_06
Found file:      ERA5:2020-10-05_06
Looking for data at time 2020-10-05_09
Found file:      ERA5:2020-10-05_09
Looking for data at time 2020-10-05_12
Found file:      ERA5:2020-10-05_12
Looking for data at time 2020-10-05_15
Found file:      ERA5:2020-10-05_15
Looking for data at time 2020-10-05_18
Found file:      ERA5:2020-10-05_18
Looking for data at time 2020-10-05_21
Found file:      ERA5:2020-10-05_21
Looking for data at time 2020-10-06_00
Found file:      ERA5:2020-10-06_00
End Subroutine DATINT.
!!!!!!!!!!!!!!!!!!!!!!!!!!!!!!!!!!!!!!!
!  Successful completion of ungrib.   !
!!!!!!!!!!!!!!!!!!!!!!!!!!!!!!!!!!!!!!!
-------------------------------------------------------------------------------

###############################################################################

Inventory for date = 2020-10-05 21:00:00

PRES   GEOPT     HGT       TT        UU        VV        RH        DEWPT     LANDSEA   SOILGEO   SOILHGT   PSFC      PMSL      SKINTEMP  SEAICE    SST       SNOW_DEN  SNOW_EC   SNOW      SNOWH     ST000007  ST007028  ST028100  ST100289  SM000007  SM007028  SM028100  SM100289 
-------------------------------------------------------------------------------
2001.0  O        O        O        O        O        O        O        O        O        O        O        O        O        O        O        O        O        O        O        X        X        X        X        X        X        X        X      
-------------------------------------------------------------------------------

###############################################################################

Inventory for date = 2020-10-06 00:00:00

PRES   GEOPT     HGT       TT        UU        VV        RH        DEWPT     LANDSEA   SOILGEO   SOILHGT   PSFC      PMSL      SKINTEMP  SEAICE    SST       SNOW_DEN  SNOW_EC   SNOW      SNOWH     ST000007  ST007028  ST028100  ST100289  SM000007  SM007028  SM028100  SM100289 
-------------------------------------------------------------------------------
2001.0  O        O        O        O        O        O        O        O        O        O        O        O        O        O        O        O        O        O        O        X        X        X        X        X        X        X        X      
-------------------------------------------------------------------------------

**********
Deleting temporary files created by ungrib...
**********

Deleting file:  ./PFILE:2020-09-30_12
Deleting file:  ./PFILE:2020-09-30_15
Deleting file:  ./PFILE:2020-09-30_18
Deleting file:  ./PFILE:2020-09-30_21
Deleting file:  ./PFILE:2020-10-01_00
Deleting file:  ./PFILE:2020-10-01_03
Deleting file:  ./PFILE:2020-10-01_06
Deleting file:  ./PFILE:2020-10-01_09
Deleting file:  ./PFILE:2020-10-01_12
Deleting file:  ./PFILE:2020-10-01_15
Deleting file:  ./PFILE:2020-10-01_18
Deleting file:  ./PFILE:2020-10-01_21
Deleting file:  ./PFILE:2020-10-02_00
Deleting file:  ./PFILE:2020-10-02_03
Deleting file:  ./PFILE:2020-10-02_06
Deleting file:  ./PFILE:2020-10-02_09
Deleting file:  ./PFILE:2020-10-02_12
Deleting file:  ./PFILE:2020-10-02_15
Deleting file:  ./PFILE:2020-10-02_18
Deleting file:  ./PFILE:2020-10-02_21
Deleting file:  ./PFILE:2020-10-03_00
Deleting file:  ./PFILE:2020-10-03_03
Deleting file:  ./PFILE:2020-10-03_06
Deleting file:  ./PFILE:2020-10-03_09
Deleting file:  ./PFILE:2020-10-03_12
Deleting file:  ./PFILE:2020-10-03_15
Deleting file:  ./PFILE:2020-10-03_18
Deleting file:  ./PFILE:2020-10-03_21
Deleting file:  ./PFILE:2020-10-04_00
Deleting file:  ./PFILE:2020-10-04_03
Deleting file:  ./PFILE:2020-10-04_06
Deleting file:  ./PFILE:2020-10-04_09
Deleting file:  ./PFILE:2020-10-04_12
Deleting file:  ./PFILE:2020-10-04_15
Deleting file:  ./PFILE:2020-10-04_18
Deleting file:  ./PFILE:2020-10-04_21
Deleting file:  ./PFILE:2020-10-05_00
Deleting file:  ./PFILE:2020-10-05_03
Deleting file:  ./PFILE:2020-10-05_06
Deleting file:  ./PFILE:2020-10-05_09
Deleting file:  ./PFILE:2020-10-05_12
Deleting file:  ./PFILE:2020-10-05_15
Deleting file:  ./PFILE:2020-10-05_18
Deleting file:  ./PFILE:2020-10-05_21
Deleting file:  ./PFILE:2020-10-06_00

**********
Done deleting temporary files.
**********

Processing domain 1 of 1
 Processing 2020-09-30_12
    ERA5
    CERRA
 Processing 2020-09-30_15
    ERA5
    CERRA
 Processing 2020-09-30_18
    ERA5
    CERRA
 Processing 2020-09-30_21
    ERA5
    CERRA
 Processing 2020-10-01_00
    ERA5
    CERRA
 Processing 2020-10-01_03
    ERA5
    CERRA
 Processing 2020-10-01_06
    ERA5
    CERRA
 Processing 2020-10-01_09
    ERA5
    CERRA
 Processing 2020-10-01_12
    ERA5
    CERRA
 Processing 2020-10-01_15
    ERA5
    CERRA
 Processing 2020-10-01_18
    ERA5
    CERRA
 Processing 2020-10-01_21
    ERA5
    CERRA
 Processing 2020-10-02_00
    ERA5
    CERRA
 Processing 2020-10-02_03
    ERA5
    CERRA
 Processing 2020-10-02_06
    ERA5
    CERRA
 Processing 2020-10-02_09
    ERA5
    CERRA
 Processing 2020-10-02_12
    ERA5
    CERRA
 Processing 2020-10-02_15
    ERA5
    CERRA
 Processing 2020-10-02_18
    ERA5
    CERRA
 Processing 2020-10-02_21
    ERA5
    CERRA
 Processing 2020-10-03_00
    ERA5
    CERRA
 Processing 2020-10-03_03
    ERA5
    CERRA
 Processing 2020-10-03_06
    ERA5
    CERRA
 Processing 2020-10-03_09
    ERA5
    CERRA
 Processing 2020-10-03_12
    ERA5
    CERRA
 Processing 2020-10-03_15
    ERA5
    CERRA
 Processing 2020-10-03_18
    ERA5
    CERRA
 Processing 2020-10-03_21
    ERA5
    CERRA
 Processing 2020-10-04_00
    ERA5
    CERRA
 Processing 2020-10-04_03
    ERA5
    CERRA
 Processing 2020-10-04_06
    ERA5
    CERRA
 Processing 2020-10-04_09
    ERA5
    CERRA
 Processing 2020-10-04_12
    ERA5
    CERRA
 Processing 2020-10-04_15
    ERA5
    CERRA
 Processing 2020-10-04_18
    ERA5
    CERRA
 Processing 2020-10-04_21
    ERA5
    CERRA
 Processing 2020-10-05_00
    ERA5
    CERRA
 Processing 2020-10-05_03
    ERA5
    CERRA
 Processing 2020-10-05_06
    ERA5
    CERRA
 Processing 2020-10-05_09
    ERA5
    CERRA
 Processing 2020-10-05_12
    ERA5
    CERRA
 Processing 2020-10-05_15
    ERA5
    CERRA
 Processing 2020-10-05_18
    ERA5
    CERRA
 Processing 2020-10-05_21
    ERA5
    CERRA
 Processing 2020-10-06_00
    ERA5
    CERRA
!!!!!!!!!!!!!!!!!!!!!!!!!!!!!!!!!!!!!!!
!  Successful completion of metgrid.  !
!!!!!!!!!!!!!!!!!!!!!!!!!!!!!!!!!!!!!!!
2026-07-16 16:22:31,172 INFO:wrf_massive.stages.wps:-> Ran run_wps.sh successfully.
2026-07-16 16:22:31,173 INFO:wrf_massive.stages.wps:-> WPS run completed.
